"Time Stamp",ID,Extended,Dir,Bus,LEN,D1,D2,D3,D4,D5,D6,D7,D8
70715715,00000001,false,Rx,0,2,5E,01,00,00,00,00,00,00
15854,00000025,false,Rx,0,8,5D,43,F0,11,11,11,D1,FF
55862,00000001,false,Rx,0,2,5E,01,00,00,00,00,00,00
65864,00000010,false,Rx,0,6,5E,21,FE,C0,99,99,00,00
85869,00000011,false,Rx,0,4,00,6E,00,F8,00,00,00,00
100872,00000012,false,Rx,0,0,00,00,00,00,00,00,00,00
155884,00000001,false,Rx,0,2,5E,01,00,00,00,00,00,00
165886,00000010,false,Rx,0,6,5E,21,FE,C0,99,99,00,00
185890,00000011,false,Rx,0,4,00,70,00,F8,00,00,00,00
195892,00000004,false,Rx,0,2,52,FE,00,00,00,00,00,00
200893,00000012,false,Rx,0,0,00,00,00,00,00,00,00,00
215896,00000025,false,Rx,0,8,5D,43,F0,11,11,11,D1,FF
255905,00000001,false,Rx,0,2,5E,01,00,00,00,00,00,00
265907,00000010,false,Rx,0,6,5E,21,FE,C0,99,99,00,00
285911,00000011,false,Rx,0,4,00,6B,00,F8,00,00,00,00
300914,00000012,false,Rx,0,0,00,00,00,00,00,00,00,00
355926,00000001,false,Rx,0,2,5E,01,00,00,00,00,00,00
365928,00000010,false,Rx,0,6,5E,21,FE,C0,99,99,00,00
385932,00000011,false,Rx,0,4,00,6B,00,F8,00,00,00,00
395935,00000004,false,Rx,0,2,4E,FE,00,00,00,00,00,00
400936,00000012,false,Rx,0,0,00,00,00,00,00,00,00,00
415939,00000025,false,Rx,0,8,5D,5A,F0,11,11,11,D1,FF
455947,00000001,false,Rx,0,2,5E,01,00,00,00,00,00,00
465949,00000010,false,Rx,0,6,5E,21,FE,C0,99,99,00,00
485954,00000011,false,Rx,0,4,00,6E,00,F8,00,00,00,00
500957,00000012,false,Rx,0,0,00,00,00,00,00,00,00,00
555968,00000001,false,Rx,0,2,5E,01,00,00,00,00,00,00
565971,00000010,false,Rx,0,6,5E,21,FE,C0,99,99,00,00
585975,00000011,false,Rx,0,4,00,6E,00,F8,00,00,00,00
595977,00000004,false,Rx,0,2,50,FE,00,00,00,00,00,00
600978,00000012,false,Rx,0,0,00,00,00,00,00,00,00,00
615981,00000025,false,Rx,0,8,5D,5A,F0,11,11,11,D1,FF
655990,00000001,false,Rx,0,2,5E,01,00,00,00,00,00,00
665992,00000010,false,Rx,0,6,5E,21,FE,C0,99,99,00,00
685996,00000011,false,Rx,0,4,00,6E,00,F8,00,00,00,00
700999,00000012,false,Rx,0,0,00,00,00,00,00,00,00,00
756011,00000001,false,Rx,0,2,5E,01,00,00,00,00,00,00
766013,00000010,false,Rx,0,6,5E,21,FE,C0,99,99,00,00
786017,00000011,false,Rx,0,4,00,70,00,F8,00,00,00,00
796019,00000004,false,Rx,0,2,52,FE,00,00,00,00,00,00
801020,00000012,false,Rx,0,0,00,00,00,00,00,00,00,00
816024,00000025,false,Rx,0,8,5D,5C,F0,11,11,11,D1,FF
856032,00000001,false,Rx,0,2,5E,01,00,00,00,00,00,00
866034,00000010,false,Rx,0,6,5E,21,FE,C0,99,99,00,00
886039,00000011,false,Rx,0,4,00,70,00,F8,00,00,00,00
901042,00000012,false,Rx,0,0,00,00,00,00,00,00,00,00
956053,00000001,false,Rx,0,2,5E,01,00,00,00,00,00,00
966056,00000010,false,Rx,0,6,5E,21,FE,C0,99,99,00,00
986060,00000011,false,Rx,0,4,00,70,00,F8,00,00,00,00
996062,00000004,false,Rx,0,2,52,FE,00,00,00,00,00,00
1001063,00000012,false,Rx,0,0,00,00,00,00,00,00,00,00
1016066,00000025,false,Rx,0,8,5D,5C,F0,11,11,11,D1,FF
1056075,00000001,false,Rx,0,2,5E,01,00,00,00,00,00,00
1066077,00000010,false,Rx,0,6,5E,21,FE,C0,99,99,00,00
1086081,00000011,false,Rx,0,4,00,69,00,F8,00,00,00,00
1101084,00000012,false,Rx,0,0,00,00,00,00,00,00,00,00
1156096,00000001,false,Rx,0,2,5E,01,00,00,00,00,00,00
1166098,00000010,false,Rx,0,6,5E,21,FE,C0,99,99,00,00
1186102,00000011,false,Rx,0,4,00,6E,00,F8,00,00,00,00
1196104,00000004,false,Rx,0,2,50,FE,00,00,00,00,00,00
1201105,00000012,false,Rx,0,0,00,00,00,00,00,00,00,00
1216109,00000025,false,Rx,0,8,5D,57,F0,11,11,11,D1,FF
1256117,00000001,false,Rx,0,2,5E,01,00,00,00,00,00,00
1266119,00000010,false,Rx,0,6,5E,21,FE,C0,99,99,00,00
1286123,00000011,false,Rx,0,4,00,6E,00,F8,00,00,00,00
1301127,00000012,false,Rx,0,0,00,00,00,00,00,00,00,00
1356138,00000001,false,Rx,0,2,5E,01,00,00,00,00,00,00
1366140,00000010,false,Rx,0,6,5E,21,FE,C0,99,99,00,00
1386145,00000011,false,Rx,0,4,00,70,00,F8,00,00,00,00
1396147,00000004,false,Rx,0,2,52,FE,00,00,00,00,00,00
1401148,00000012,false,Rx,0,0,00,00,00,00,00,00,00,00
1416151,00000025,false,Rx,0,8,5D,55,F0,11,11,11,D1,FF
1456160,00000001,false,Rx,0,2,5E,01,00,00,00,00,00,00
1466162,00000010,false,Rx,0,6,5E,21,FE,C0,99,99,00,00
1486166,00000011,false,Rx,0,4,00,6E,00,F8,00,00,00,00
1501169,00000012,false,Rx,0,0,00,00,00,00,00,00,00,00
1556181,00000001,false,Rx,0,2,5E,01,00,00,00,00,00,00
1566183,00000010,false,Rx,0,6,5E,21,FE,C0,99,99,00,00
1586187,00000011,false,Rx,0,4,00,73,00,F8,00,00,00,00
1596189,00000004,false,Rx,0,2,53,FE,00,00,00,00,00,00
1601190,00000012,false,Rx,0,0,00,00,00,00,00,00,00,00
1616194,00000025,false,Rx,0,8,5D,55,F0,11,11,11,D1,FF
1656202,00000001,false,Rx,0,2,5E,01,00,00,00,00,00,00
1666204,00000010,false,Rx,0,6,5E,21,FE,C0,99,99,00,00
1686208,00000011,false,Rx,0,4,00,69,00,F8,00,00,00,00
1701212,00000012,false,Rx,0,0,00,00,00,00,00,00,00,00
1756223,00000001,false,Rx,0,2,5E,01,00,00,00,00,00,00
1766225,00000010,false,Rx,0,6,5E,21,FE,C0,99,99,00,00
1786230,00000011,false,Rx,0,4,00,66,00,F8,00,00,00,00
1796232,00000004,false,Rx,0,2,4B,FE,00,00,00,00,00,00
1801233,00000012,false,Rx,0,0,00,00,00,00,00,00,00,00
1816236,00000025,false,Rx,0,8,5D,43,F0,11,11,11,D1,FF
1856244,00000001,false,Rx,0,2,5E,01,00,00,00,00,00,00
1866247,00000010,false,Rx,0,6,5E,21,FE,C0,99,99,00,00
1886251,00000011,false,Rx,0,4,00,6B,00,F8,00,00,00,00
1901254,00000012,false,Rx,0,0,00,00,00,00,00,00,00,00
1956266,00000001,false,Rx,0,2,5E,01,00,00,00,00,00,00
1966268,00000010,false,Rx,0,6,5E,21,FE,C0,99,99,00,00
1986272,00000011,false,Rx,0,4,00,73,00,F8,00,00,00,00
1996274,00000004,false,Rx,0,2,53,FE,00,00,00,00,00,00
2001275,00000012,false,Rx,0,0,00,00,00,00,00,00,00,00
2016278,00000025,false,Rx,0,8,5D,43,F0,11,11,11,D1,FF
2056287,00000001,false,Rx,0,2,5E,01,00,00,00,00,00,00
2066289,00000010,false,Rx,0,6,5E,21,FE,C0,99,99,00,00
2086293,00000011,false,Rx,0,4,00,6B,00,F8,00,00,00,00
2101296,00000012,false,Rx,0,0,00,00,00,00,00,00,00,00
2156308,00000001,false,Rx,0,2,5E,01,00,00,00,00,00,00
2166310,00000010,false,Rx,0,6,5E,21,FE,C0,99,99,00,00
2186315,00000011,false,Rx,0,4,00,73,00,F8,00,00,00,00
2196317,00000004,false,Rx,0,2,53,FE,00,00,00,00,00,00
2201318,00000012,false,Rx,0,0,00,00,00,00,00,00,00,00
2216321,00000025,false,Rx,0,8,5D,43,F0,11,11,11,D1,FF
2256329,00000001,false,Rx,0,2,5E,01,00,00,00,00,00,00
2266331,00000010,false,Rx,0,6,5E,21,FE,C0,99,99,00,00
2286336,00000011,false,Rx,0,4,00,6B,00,F8,00,00,00,00
2301339,00000012,false,Rx,0,0,00,00,00,00,00,00,00,00
2356351,00000001,false,Rx,0,2,5E,01,00,00,00,00,00,00
2366353,00000010,false,Rx,0,6,5E,21,FE,C0,99,99,00,00
2386357,00000011,false,Rx,0,4,00,70,00,F8,00,00,00,00
2396359,00000004,false,Rx,0,2,52,FE,00,00,00,00,00,00
2401360,00000012,false,Rx,0,0,00,00,00,00,00,00,00,00
2416363,00000025,false,Rx,0,8,5D,64,F0,11,11,11,D1,FF
2456372,00000001,false,Rx,0,2,5E,01,00,00,00,00,00,00
2466374,00000010,false,Rx,0,6,5E,21,FE,C0,99,99,00,00
2486378,00000011,false,Rx,0,4,00,75,00,F8,00,00,00,00
2501381,00000012,false,Rx,0,0,00,00,00,00,00,00,00,00
2556393,00000001,false,Rx,0,2,5E,01,00,00,00,00,00,00
2566395,00000010,false,Rx,0,6,5E,21,FE,C0,99,99,00,00
2586399,00000011,false,Rx,0,4,00,6B,00,F8,00,00,00,00
2596402,00000004,false,Rx,0,2,4E,FE,00,00,00,00,00,00
2601403,00000012,false,Rx,0,0,00,00,00,00,00,00,00,00
2616406,00000025,false,Rx,0,8,5D,43,F0,11,11,11,D1,FF
2656414,00000001,false,Rx,0,2,5E,01,00,00,00,00,00,00
2666416,00000010,false,Rx,0,6,5E,21,FE,C0,99,99,00,00
2686421,00000011,false,Rx,0,4,00,6B,00,F8,00,00,00,00
2701424,00000012,false,Rx,0,0,00,00,00,00,00,00,00,00
2756436,00000001,false,Rx,0,2,5E,01,00,00,00,00,00,00
2766438,00000010,false,Rx,0,6,5E,21,FE,C0,99,99,00,00
2786442,00000011,false,Rx,0,4,00,6B,00,F8,00,00,00,00
2796444,00000004,false,Rx,0,2,4E,FE,00,00,00,00,00,00
2801445,00000012,false,Rx,0,0,00,00,00,00,00,00,00,00
2816448,00000025,false,Rx,0,8,5D,43,F0,11,11,11,D1,FF
2856457,00000001,false,Rx,0,2,5E,01,00,00,00,00,00,00
2866459,00000010,false,Rx,0,6,5E,21,FE,C0,99,99,00,00
2886463,00000011,false,Rx,0,4,00,6B,00,F8,00,00,00,00
2901466,00000012,false,Rx,0,0,00,00,00,00,00,00,00,00
2956478,00000001,false,Rx,0,2,5E,01,00,00,00,00,00,00
2966480,00000010,false,Rx,0,6,5E,21,FE,C0,99,99,00,00
2986484,00000011,false,Rx,0,4,00,6B,00,F8,00,00,00,00
2996486,00000004,false,Rx,0,2,4E,FE,00,00,00,00,00,00
3001488,00000012,false,Rx,0,0,00,00,00,00,00,00,00,00
3016491,00000025,false,Rx,0,8,5D,43,F0,11,11,11,D1,FF
3056499,00000001,false,Rx,0,2,5E,01,00,00,00,00,00,00
3066501,00000010,false,Rx,0,6,5E,21,FE,C0,99,99,00,00
3086506,00000011,false,Rx,0,4,00,73,00,F8,00,00,00,00
3101509,00000012,false,Rx,0,0,00,00,00,00,00,00,00,00
3156520,00000001,false,Rx,0,2,5E,01,00,00,00,00,00,00
3166523,00000010,false,Rx,0,6,5E,21,FE,C0,99,99,00,00
3186527,00000011,false,Rx,0,4,00,6B,00,F8,00,00,00,00
3196529,00000004,false,Rx,0,2,4E,FE,00,00,00,00,00,00
3201530,00000012,false,Rx,0,0,00,00,00,00,00,00,00,00
3216533,00000025,false,Rx,0,8,5D,43,F0,11,11,11,D1,FF
3256542,00000001,false,Rx,0,2,5E,01,00,00,00,00,00,00
3266544,00000010,false,Rx,0,6,5E,21,FE,C0,99,99,00,00
3286548,00000011,false,Rx,0,4,00,6B,00,F8,00,00,00,00
3301551,00000012,false,Rx,0,0,00,00,00,00,00,00,00,00
3356563,00000001,false,Rx,0,2,5E,01,00,00,00,00,00,00
3366565,00000010,false,Rx,0,6,5E,21,FE,C0,99,99,00,00
3386569,00000011,false,Rx,0,4,00,6B,00,F8,00,00,00,00
3396571,00000004,false,Rx,0,2,4E,FE,00,00,00,00,00,00
3401572,00000012,false,Rx,0,0,00,00,00,00,00,00,00,00
3416576,00000025,false,Rx,0,8,5D,43,F0,11,11,11,D1,FF
3456584,00000001,false,Rx,0,2,5E,01,00,00,00,00,00,00
3466586,00000010,false,Rx,0,6,5E,21,FE,C0,99,99,00,00
3486590,00000011,false,Rx,0,4,00,6B,00,F8,00,00,00,00
3501594,00000012,false,Rx,0,0,00,00,00,00,00,00,00,00
3556605,00000001,false,Rx,0,2,5E,01,00,00,00,00,00,00
3566607,00000010,false,Rx,0,6,5E,21,FE,C0,99,99,00,00
3586612,00000011,false,Rx,0,4,00,66,00,F8,00,00,00,00
3596614,00000004,false,Rx,0,2,4B,FE,00,00,00,00,00,00
3601615,00000012,false,Rx,0,0,00,00,00,00,00,00,00,00
3616618,00000025,false,Rx,0,8,5D,43,F0,11,11,11,D1,FF
3656627,00000001,false,Rx,0,2,5E,01,00,00,00,00,00,00
3666629,00000010,false,Rx,0,6,5E,21,FE,C0,99,99,00,00
3686633,00000011,false,Rx,0,4,00,6E,00,F8,00,00,00,00
3701636,00000012,false,Rx,0,0,00,00,00,00,00,00,00,00
3756648,00000001,false,Rx,0,2,5E,01,00,00,00,00,00,00
3766650,00000010,false,Rx,0,6,5E,21,FE,C0,99,99,00,00
3786654,00000011,false,Rx,0,4,00,70,00,F8,00,00,00,00
3796656,00000004,false,Rx,0,2,52,FE,00,00,00,00,00,00
3801657,00000012,false,Rx,0,0,00,00,00,00,00,00,00,00
3816661,00000025,false,Rx,0,8,5D,43,F0,11,11,11,D1,FF
3856669,00000001,false,Rx,0,2,5E,01,00,00,00,00,00,00
3866671,00000010,false,Rx,0,6,5E,21,FE,C0,99,99,00,00
3886675,00000011,false,Rx,0,4,00,70,00,F8,00,00,00,00
3901679,00000012,false,Rx,0,0,00,00,00,00,00,00,00,00
3956690,00000001,false,Rx,0,2,5E,01,00,00,00,00,00,00
3966692,00000010,false,Rx,0,6,5E,21,FE,C0,99,99,00,00
3986697,00000011,false,Rx,0,4,00,70,00,F8,00,00,00,00
3996699,00000004,false,Rx,0,2,52,FE,00,00,00,00,00,00
4001700,00000012,false,Rx,0,0,00,00,00,00,00,00,00,00
4016703,00000025,false,Rx,0,8,5D,43,F0,11,11,11,D1,FF
4056711,00000001,false,Rx,0,2,5E,01,00,00,00,00,00,00
4066714,00000010,false,Rx,0,6,5E,21,FE,C0,99,99,00,00
4086718,00000011,false,Rx,0,4,00,6B,00,F8,00,00,00,00
4101721,00000012,false,Rx,0,0,00,00,00,00,00,00,00,00
4156733,00000001,false,Rx,0,2,5E,01,00,00,00,00,00,00
4166735,00000010,false,Rx,0,6,5E,21,FE,C0,99,99,00,00
4186739,00000011,false,Rx,0,4,00,6B,00,F8,00,00,00,00
4196741,00000004,false,Rx,0,2,4E,FE,00,00,00,00,00,00
4201742,00000012,false,Rx,0,0,00,00,00,00,00,00,00,00
4216745,00000025,false,Rx,0,8,5D,43,F0,11,11,11,D1,FF
4256754,00000001,false,Rx,0,2,5E,01,00,00,00,00,00,00
4266756,00000010,false,Rx,0,6,5E,21,FE,C0,99,99,00,00
4286760,00000011,false,Rx,0,4,00,73,00,F8,00,00,00,00
4301763,00000012,false,Rx,0,0,00,00,00,00,00,00,00,00
4356775,00000001,false,Rx,0,2,5E,01,00,00,00,00,00,00
4366777,00000010,false,Rx,0,6,5E,21,FE,C0,99,99,00,00
4386782,00000011,false,Rx,0,4,00,73,00,F8,00,00,00,00
4396784,00000004,false,Rx,0,2,53,FE,00,00,00,00,00,00
4401785,00000012,false,Rx,0,0,00,00,00,00,00,00,00,00
4416788,00000025,false,Rx,0,8,5D,57,F0,11,11,11,D1,FF
4456796,00000001,false,Rx,0,2,5E,01,00,00,00,00,00,00
4466799,00000010,false,Rx,0,6,5E,21,FE,C0,99,99,00,00
4486803,00000011,false,Rx,0,4,00,69,00,F8,00,00,00,00
4501806,00000012,false,Rx,0,0,00,00,00,00,00,00,00,00
4556818,00000001,false,Rx,0,2,5E,01,00,00,00,00,00,00
4566820,00000010,false,Rx,0,6,5E,21,FE,C0,99,99,00,00
4586824,00000011,false,Rx,0,4,00,6E,00,F8,00,00,00,00
4596826,00000004,false,Rx,0,2,50,FE,00,00,00,00,00,00
4601827,00000012,false,Rx,0,0,00,00,00,00,00,00,00,00
4616830,00000025,false,Rx,0,8,5D,43,F0,11,11,11,D1,FF
4656839,00000001,false,Rx,0,2,5E,01,00,00,00,00,00,00
4666841,00000010,false,Rx,0,6,5E,21,FE,C0,99,99,00,00
4686845,00000011,false,Rx,0,4,00,70,00,F8,00,00,00,00
4701848,00000012,false,Rx,0,0,00,00,00,00,00,00,00,00
4756860,00000001,false,Rx,0,2,5E,01,00,00,00,00,00,00
4766862,00000010,false,Rx,0,6,5E,21,FE,C0,99,99,00,00
4786866,00000011,false,Rx,0,4,00,6E,00,F8,00,00,00,00
4796869,00000004,false,Rx,0,2,50,FE,00,00,00,00,00,00
4801870,00000012,false,Rx,0,0,00,00,00,00,00,00,00,00
4816873,00000025,false,Rx,0,8,5D,43,F0,11,11,11,D1,FF
4856881,00000001,false,Rx,0,2,5E,01,00,00,00,00,00,00
4866883,00000010,false,Rx,0,6,5E,21,FE,C0,99,99,00,00
4886888,00000011,false,Rx,0,4,00,6E,00,F8,00,00,00,00
4901891,00000012,false,Rx,0,0,00,00,00,00,00,00,00,00
4956903,00000001,false,Rx,0,2,5E,01,00,00,00,00,00,00
4966905,00000010,false,Rx,0,6,5E,21,FE,C0,99,99,00,00
4986909,00000011,false,Rx,0,4,00,70,00,F8,00,00,00,00
4996911,00000004,false,Rx,0,2,52,FE,00,00,00,00,00,00
5001912,00000012,false,Rx,0,0,00,00,00,00,00,00,00,00
5016915,00000025,false,Rx,0,8,5D,43,F0,11,11,11,D1,FF
5056924,00000001,false,Rx,0,2,5E,01,00,00,00,00,00,00
5066926,00000010,false,Rx,0,6,5E,21,FE,C0,99,99,00,00
5086930,00000011,false,Rx,0,4,00,70,00,F8,00,00,00,00
5101933,00000012,false,Rx,0,0,00,00,00,00,00,00,00,00
5156945,00000001,false,Rx,0,2,5E,01,00,00,00,00,00,00
5166947,00000010,false,Rx,0,6,5E,21,FE,C0,99,99,00,00
5186951,00000011,false,Rx,0,4,00,6E,00,F8,00,00,00,00
5196953,00000004,false,Rx,0,2,50,FE,00,00,00,00,00,00
5201955,00000012,false,Rx,0,0,00,00,00,00,00,00,00,00
5216958,00000025,false,Rx,0,8,5D,43,F0,11,11,11,D1,FF
5256966,00000001,false,Rx,0,2,5E,01,00,00,00,00,00,00
5266968,00000010,false,Rx,0,6,5E,21,FE,C0,99,99,00,00
5286973,00000011,false,Rx,0,4,00,6E,00,F8,00,00,00,00
5301976,00000012,false,Rx,0,0,00,00,00,00,00,00,00,00
5356987,00000001,false,Rx,0,2,5E,01,00,00,00,00,00,00
5366990,00000010,false,Rx,0,6,5E,21,FE,C0,99,99,00,00
5386994,00000011,false,Rx,0,4,00,6E,00,F8,00,00,00,00
5396996,00000004,false,Rx,0,2,50,FE,00,00,00,00,00,00
5401997,00000012,false,Rx,0,0,00,00,00,00,00,00,00,00
5417000,00000025,false,Rx,0,8,5D,43,F0,11,11,11,D1,FF
5457009,00000001,false,Rx,0,2,5E,01,00,00,00,00,00,00
5467011,00000010,false,Rx,0,6,5E,21,FE,C0,99,99,00,00
5487015,00000011,false,Rx,0,4,00,70,00,F8,00,00,00,00
5502018,00000012,false,Rx,0,0,00,00,00,00,00,00,00,00
5557030,00000001,false,Rx,0,2,5E,01,00,00,00,00,00,00
5567032,00000010,false,Rx,0,6,5E,21,FE,C0,99,99,00,00
5587036,00000011,false,Rx,0,4,00,66,00,F8,00,00,00,00
5597038,00000004,false,Rx,0,2,4B,FE,00,00,00,00,00,00
5602039,00000012,false,Rx,0,0,00,00,00,00,00,00,00,00
5617043,00000025,false,Rx,0,8,5D,43,F0,11,11,11,D1,FF
5657051,00000001,false,Rx,0,2,5E,01,00,00,00,00,00,00
5667053,00000010,false,Rx,0,6,5E,21,FE,C0,99,99,00,00
5687058,00000011,false,Rx,0,4,00,6B,00,F8,00,00,00,00
5702061,00000012,false,Rx,0,0,00,00,00,00,00,00,00,00
5757072,00000001,false,Rx,0,2,5E,01,00,00,00,00,00,00
5767074,00000010,false,Rx,0,6,5E,21,FE,C0,99,99,00,00
5787079,00000011,false,Rx,0,4,00,6E,00,F8,00,00,00,00
5797081,00000004,false,Rx,0,2,50,FE,00,00,00,00,00,00
5802082,00000012,false,Rx,0,0,00,00,00,00,00,00,00,00
5817085,00000025,false,Rx,0,8,5D,43,F0,11,11,11,D1,FF
5857094,00000001,false,Rx,0,2,5E,01,00,00,00,00,00,00
5867096,00000010,false,Rx,0,6,5E,21,FE,C0,99,99,00,00
5887100,00000011,false,Rx,0,4,00,70,00,F8,00,00,00,00
5902103,00000012,false,Rx,0,0,00,00,00,00,00,00,00,00
5957115,00000001,false,Rx,0,2,5E,01,00,00,00,00,00,00
5967117,00000010,false,Rx,0,6,5E,21,FE,C0,99,99,00,00
5987121,00000011,false,Rx,0,4,00,6E,00,F8,00,00,00,00
5997123,00000004,false,Rx,0,2,50,FE,00,00,00,00,00,00
6002124,00000012,false,Rx,0,0,00,00,00,00,00,00,00,00
6017128,00000025,false,Rx,0,8,5D,43,F0,11,11,11,D1,FF
6057136,00000001,false,Rx,0,2,5E,01,00,00,00,00,00,00
6067138,00000010,false,Rx,0,6,5E,21,FE,C0,99,99,00,00
6087142,00000011,false,Rx,0,4,00,6E,00,F8,00,00,00,00
6102146,00000012,false,Rx,0,0,00,00,00,00,00,00,00,00
6157157,00000001,false,Rx,0,2,5E,01,00,00,00,00,00,00
6167159,00000010,false,Rx,0,6,5E,21,FE,C0,99,99,00,00
6187164,00000011,false,Rx,0,4,00,70,00,F8,00,00,00,00
6197218,00000004,false,Rx,0,2,52,FE,00,00,00,00,00,00
6202167,00000012,false,Rx,0,0,00,00,00,00,00,00,00,00
6217170,00000025,false,Rx,0,8,5D,43,F0,11,11,11,D1,FF
6257179,00000001,false,Rx,0,2,5E,01,00,00,00,00,00,00
6267181,00000010,false,Rx,0,6,5E,21,FE,C0,99,99,00,00
6287185,00000011,false,Rx,0,4,00,70,00,F8,00,00,00,00
6302188,00000012,false,Rx,0,0,00,00,00,00,00,00,00,00
6357200,00000001,false,Rx,0,2,5E,01,00,00,00,00,00,00
6367202,00000010,false,Rx,0,6,5E,21,FE,C0,99,99,00,00
6387206,00000011,false,Rx,0,4,00,6B,00,F8,00,00,00,00
6397260,00000004,false,Rx,0,2,4E,FE,00,00,00,00,00,00
6402209,00000012,false,Rx,0,0,00,00,00,00,00,00,00,00
6417212,00000025,false,Rx,0,8,5D,52,F0,11,11,11,D1,FF
6457221,00000001,false,Rx,0,2,5E,01,00,00,00,00,00,00
6467223,00000010,false,Rx,0,6,5E,21,FE,C0,99,99,00,00
6487227,00000011,false,Rx,0,4,00,73,00,F8,00,00,00,00
6502231,00000012,false,Rx,0,0,00,00,00,00,00,00,00,00
6557242,00000001,false,Rx,0,2,5E,01,00,00,00,00,00,00
6567244,00000010,false,Rx,0,6,5E,21,FE,C0,99,99,00,00
6587249,00000011,false,Rx,0,4,00,6E,00,F8,00,00,00,00
6597303,00000004,false,Rx,0,2,50,FE,00,00,00,00,00,00
6602252,00000012,false,Rx,0,0,00,00,00,00,00,00,00,00
6617255,00000025,false,Rx,0,8,5D,55,F0,11,11,11,D1,FF
6657263,00000001,false,Rx,0,2,5E,01,00,00,00,00,00,00
6667266,00000010,false,Rx,0,6,5E,21,FE,C0,99,99,00,00
6687270,00000011,false,Rx,0,4,00,70,00,F8,00,00,00,00
6702273,00000012,false,Rx,0,0,00,00,00,00,00,00,00,00
6757285,00000001,false,Rx,0,2,5E,01,00,00,00,00,00,00
6767287,00000010,false,Rx,0,6,5E,21,FE,C0,99,99,00,00
6787291,00000011,false,Rx,0,4,00,6E,00,F8,00,00,00,00
6797345,00000004,false,Rx,0,2,50,FE,00,00,00,00,00,00
6802294,00000012,false,Rx,0,0,00,00,00,00,00,00,00,00
6817297,00000025,false,Rx,0,8,5D,57,F0,11,11,11,D1,FF
6857306,00000001,false,Rx,0,2,5E,01,00,00,00,00,00,00
6867308,00000010,false,Rx,0,6,5E,21,FE,C0,99,99,00,00
6887312,00000011,false,Rx,0,4,00,70,00,F8,00,00,00,00
6902315,00000012,false,Rx,0,0,00,00,00,00,00,00,00,00
6957327,00000001,false,Rx,0,2,5E,01,00,00,00,00,00,00
6967329,00000010,false,Rx,0,6,5E,21,FE,C0,99,99,00,00
6987333,00000011,false,Rx,0,4,00,6B,00,F8,00,00,00,00
6997388,00000004,false,Rx,0,2,4E,FE,00,00,00,00,00,00
7002337,00000012,false,Rx,0,0,00,00,00,00,00,00,00,00
7017340,00000025,false,Rx,0,8,5D,5A,F0,11,11,11,D1,FF
7057348,00000001,false,Rx,0,2,5E,01,00,00,00,00,00,00
7067350,00000010,false,Rx,0,6,5E,21,FE,C0,99,99,00,00
7087355,00000011,false,Rx,0,4,00,6E,00,F8,00,00,00,00
7102358,00000012,false,Rx,0,0,00,00,00,00,00,00,00,00
7157370,00000001,false,Rx,0,2,5E,01,00,00,00,00,00,00
7167372,00000010,false,Rx,0,6,5E,21,FE,C0,99,99,00,00
7187376,00000011,false,Rx,0,4,00,6E,00,F8,00,00,00,00
7197430,00000004,false,Rx,0,2,50,FE,00,00,00,00,00,00
7202379,00000012,false,Rx,0,0,00,00,00,00,00,00,00,00
7217382,00000025,false,Rx,0,8,5D,5C,F0,11,11,11,D1,FF
7257391,00000001,false,Rx,0,2,5E,01,00,00,00,00,00,00
7267393,00000010,false,Rx,0,6,5E,21,FE,C0,99,99,00,00
7287397,00000011,false,Rx,0,4,00,6B,00,F8,00,00,00,00
7302400,00000012,false,Rx,0,0,00,00,00,00,00,00,00,00
7357412,00000001,false,Rx,0,2,5E,01,00,00,00,00,00,00
7367414,00000010,false,Rx,0,6,5E,21,FE,C0,99,99,00,00
7387418,00000011,false,Rx,0,4,00,73,00,F8,00,00,00,00
7397473,00000004,false,Rx,0,2,53,FE,00,00,00,00,00,00
7402422,00000012,false,Rx,0,0,00,00,00,00,00,00,00,00
7417425,00000025,false,Rx,0,8,5D,5A,F0,11,11,11,D1,FF
7457433,00000001,false,Rx,0,2,5E,01,00,00,00,00,00,00
7467435,00000010,false,Rx,0,6,5E,21,FE,C0,99,99,00,00
7487440,00000011,false,Rx,0,4,00,73,00,F8,00,00,00,00
7502443,00000012,false,Rx,0,0,00,00,00,00,00,00,00,00
7557454,00000001,false,Rx,0,2,5E,01,00,00,00,00,00,00
7567457,00000010,false,Rx,0,6,5E,21,FE,C0,99,99,00,00
7587461,00000011,false,Rx,0,4,00,70,00,F8,00,00,00,00
7597515,00000004,false,Rx,0,2,52,FE,00,00,00,00,00,00
7602464,00000012,false,Rx,0,0,00,00,00,00,00,00,00,00
7617467,00000025,false,Rx,0,8,5D,43,F0,11,11,11,D1,FF
7657476,00000001,false,Rx,0,2,5E,01,00,00,00,00,00,00
7667478,00000010,false,Rx,0,6,5E,21,FE,C0,99,99,00,00
7687482,00000011,false,Rx,0,4,00,69,00,F8,00,00,00,00
7702485,00000012,false,Rx,0,0,00,00,00,00,00,00,00,00
7757497,00000001,false,Rx,0,2,5E,01,00,00,00,00,00,00
7767499,00000010,false,Rx,0,6,5E,21,FE,C0,99,99,00,00
7787503,00000011,false,Rx,0,4,00,70,00,F8,00,00,00,00
7797558,00000004,false,Rx,0,2,52,FE,00,00,00,00,00,00
7802506,00000012,false,Rx,0,0,00,00,00,00,00,00,00,00
7817510,00000025,false,Rx,0,8,5D,43,F0,11,11,11,D1,FF
7857518,00000001,false,Rx,0,2,5E,01,00,00,00,00,00,00
7867520,00000010,false,Rx,0,6,5E,21,FE,C0,99,99,00,00
7887525,00000011,false,Rx,0,4,00,75,00,F8,00,00,00,00
7902528,00000012,false,Rx,0,0,00,00,00,00,00,00,00,00
7957539,00000001,false,Rx,0,2,5E,01,00,00,00,00,00,00
7967542,00000010,false,Rx,0,6,5E,21,FE,C0,99,99,00,00
7987546,00000011,false,Rx,0,4,00,6E,00,F8,00,00,00,00
7997600,00000004,false,Rx,0,2,50,FE,00,00,00,00,00,00
8002549,00000012,false,Rx,0,0,00,00,00,00,00,00,00,00
8017552,00000025,false,Rx,0,8,5D,43,F0,11,11,11,D1,FF
8057561,00000001,false,Rx,0,2,5E,01,00,00,00,00,00,00
8067563,00000010,false,Rx,0,6,5E,21,FE,C0,99,99,00,00
8087567,00000011,false,Rx,0,4,00,66,00,F8,00,00,00,00
8102570,00000012,false,Rx,0,0,00,00,00,00,00,00,00,00
8157582,00000001,false,Rx,0,2,5E,01,00,00,00,00,00,00
8167584,00000010,false,Rx,0,6,5E,21,FE,C0,99,99,00,00
8187588,00000011,false,Rx,0,4,00,70,00,F8,00,00,00,00
8197642,00000004,false,Rx,0,2,52,FE,00,00,00,00,00,00
8202591,00000012,false,Rx,0,0,00,00,00,00,00,00,00,00
8217595,00000025,false,Rx,0,8,5D,43,F0,11,11,11,D1,FF
8257603,00000001,false,Rx,0,2,5E,01,00,00,00,00,00,00
8267605,00000010,false,Rx,0,6,5E,21,FE,C0,99,99,00,00
8287661,00000011,false,Rx,0,4,00,70,00,F8,00,00,00,00
8302613,00000012,false,Rx,0,0,00,00,00,00,00,00,00,00
8357624,00000001,false,Rx,0,2,5E,01,00,00,00,00,00,00
8367626,00000010,false,Rx,0,6,5E,21,FE,C0,99,99,00,00
8387683,00000011,false,Rx,0,4,00,69,00,F8,00,00,00,00
8397685,00000004,false,Rx,0,2,4C,FE,00,00,00,00,00,00
8402634,00000012,false,Rx,0,0,00,00,00,00,00,00,00,00
8417637,00000025,false,Rx,0,8,5D,57,F0,11,11,11,D1,FF
8457646,00000001,false,Rx,0,2,5E,01,00,00,00,00,00,00
8467648,00000010,false,Rx,0,6,5E,21,FE,C0,99,99,00,00
8487704,00000011,false,Rx,0,4,00,6B,00,F8,00,00,00,00
8502655,00000012,false,Rx,0,0,00,00,00,00,00,00,00,00
8557719,00000001,false,Rx,0,2,5E,01,00,00,00,00,00,00
8567669,00000010,false,Rx,0,6,5E,21,FE,C0,99,99,00,00
8587725,00000011,false,Rx,0,4,00,6E,00,F8,00,00,00,00
8597727,00000004,false,Rx,0,2,50,FE,00,00,00,00,00,00
8602676,00000012,false,Rx,0,0,00,00,00,00,00,00,00,00
8617680,00000025,false,Rx,0,8,5D,5A,F0,11,11,11,D1,FF
8657688,00000001,false,Rx,0,2,5E,01,00,00,00,00,00,00
8667690,00000010,false,Rx,0,6,5E,21,FE,C0,99,99,00,00
8687746,00000011,false,Rx,0,4,00,70,00,F8,00,00,00,00
8702698,00000012,false,Rx,0,0,00,00,00,00,00,00,00,00
8757761,00000001,false,Rx,0,2,5E,01,00,00,00,00,00,00
8767711,00000010,false,Rx,0,6,5E,21,FE,C0,99,99,00,00
8787768,00000011,false,Rx,0,4,00,6E,00,F8,00,00,00,00
8797770,00000004,false,Rx,0,2,50,FE,00,00,00,00,00,00
8802719,00000012,false,Rx,0,0,00,00,00,00,00,00,00,00
8817722,00000025,false,Rx,0,8,5D,5C,F0,11,11,11,D1,FF
8857783,00000001,false,Rx,0,2,5E,01,00,00,00,00,00,00
8867733,00000010,false,Rx,0,6,5E,21,FE,C0,99,99,00,00
8887789,00000011,false,Rx,0,4,00,73,00,F8,00,00,00,00
8902740,00000012,false,Rx,0,0,00,00,00,00,00,00,00,00
8957804,00000001,false,Rx,0,2,5E,01,00,00,00,00,00,00
8967754,00000010,false,Rx,0,6,5E,21,FE,C0,99,99,00,00
8987810,00000011,false,Rx,0,4,00,6B,00,F8,00,00,00,00
8997812,00000004,false,Rx,0,2,4E,FE,00,00,00,00,00,00
9002761,00000012,false,Rx,0,0,00,00,00,00,00,00,00,00
9017764,00000025,false,Rx,0,8,5D,5A,F0,11,11,11,D1,FF
9057825,00000001,false,Rx,0,2,5E,01,00,00,00,00,00,00
9067775,00000010,false,Rx,0,6,5E,21,FE,C0,99,99,00,00
9087831,00000011,false,Rx,0,4,00,69,00,F8,00,00,00,00
9102782,00000012,false,Rx,0,0,00,00,00,00,00,00,00,00
9157846,00000001,false,Rx,0,2,5E,01,00,00,00,00,00,00
9167796,00000010,false,Rx,0,6,5E,21,FE,C0,99,99,00,00
9187853,00000011,false,Rx,0,4,00,6B,00,F8,00,00,00,00
9197855,00000004,false,Rx,0,2,4E,FE,00,00,00,00,00,00
9202804,00000012,false,Rx,0,0,00,00,00,00,00,00,00,00
9217807,00000025,false,Rx,0,8,5D,57,F0,11,11,11,D1,FF
9257867,00000001,false,Rx,0,2,5E,01,00,00,00,00,00,00
9267817,00000010,false,Rx,0,6,5E,21,FE,C0,99,99,00,00
9287874,00000011,false,Rx,0,4,00,70,00,F8,00,00,00,00
9302825,00000012,false,Rx,0,0,00,00,00,00,00,00,00,00
9357889,00000001,false,Rx,0,2,5E,01,00,00,00,00,00,00
9367839,00000010,false,Rx,0,6,5E,21,FE,C0,99,99,00,00
9387895,00000011,false,Rx,0,4,00,6E,00,F8,00,00,00,00
9397897,00000004,false,Rx,0,2,50,FE,00,00,00,00,00,00
9402846,00000012,false,Rx,0,0,00,00,00,00,00,00,00,00
9417849,00000025,false,Rx,0,8,5D,55,F0,11,11,11,D1,FF
9457910,00000001,false,Rx,0,2,5E,01,00,00,00,00,00,00
9467860,00000010,false,Rx,0,6,5E,21,FE,C0,99,99,00,00
9487916,00000011,false,Rx,0,4,00,6B,00,F8,00,00,00,00
9502867,00000012,false,Rx,0,0,00,00,00,00,00,00,00,00
9557931,00000001,false,Rx,0,2,5E,01,00,00,00,00,00,00
9567881,00000010,false,Rx,0,6,5E,21,FE,C0,99,99,00,00
9587938,00000011,false,Rx,0,4,00,6B,00,F8,00,00,00,00
9597940,00000004,false,Rx,0,2,4E,FE,00,00,00,00,00,00
9602889,00000012,false,Rx,0,0,00,00,00,00,00,00,00,00
9617892,00000025,false,Rx,0,8,5D,55,F0,11,11,11,D1,FF
9657952,00000001,false,Rx,0,2,5E,01,00,00,00,00,00,00
9667902,00000010,false,Rx,0,6,5E,21,FE,C0,99,99,00,00
9687959,00000011,false,Rx,0,4,00,69,00,F8,00,00,00,00
9702910,00000012,false,Rx,0,0,00,00,00,00,00,00,00,00
9757974,00000001,false,Rx,0,2,5E,01,00,00,00,00,00,00
9767924,00000010,false,Rx,0,6,5E,21,FE,C0,99,99,00,00
9787980,00000011,false,Rx,0,4,00,70,00,F8,00,00,00,00
9797982,00000004,false,Rx,0,2,52,FE,00,00,00,00,00,00
9802931,00000012,false,Rx,0,0,00,00,00,00,00,00,00,00
9817934,00000025,false,Rx,0,8,5D,55,F0,11,11,11,D1,FF
9857995,00000001,false,Rx,0,2,5E,01,00,00,00,00,00,00
9867945,00000010,false,Rx,0,6,5E,21,FE,C0,99,99,00,00
9888001,00000011,false,Rx,0,4,00,70,00,F8,00,00,00,00
9902952,00000012,false,Rx,0,0,00,00,00,00,00,00,00,00
9958016,00000001,false,Rx,0,2,5E,01,00,00,00,00,00,00
9968018,00000010,false,Rx,0,6,5E,21,FE,C0,99,99,00,00
9988022,00000011,false,Rx,0,4,00,6B,00,F8,00,00,00,00
9998025,00000004,false,Rx,0,2,4E,FE,00,00,00,00,00,00
10002973,00000012,false,Rx,0,0,00,00,00,00,00,00,00,00
10018029,00000025,false,Rx,0,8,5D,55,F0,11,11,11,D1,FF
10058037,00000001,false,Rx,0,2,5E,01,00,00,00,00,00,00
10068039,00000010,false,Rx,0,6,5E,21,FE,C0,99,99,00,00
10088044,00000011,false,Rx,0,4,00,6B,00,F8,00,00,00,00
10102995,00000012,false,Rx,0,0,00,00,00,00,00,00,00,00
10158059,00000001,false,Rx,0,2,5E,01,00,00,00,00,00,00
10168061,00000010,false,Rx,0,6,5E,21,FE,C0,99,99,00,00
10188065,00000011,false,Rx,0,4,00,70,00,F8,00,00,00,00
10198067,00000004,false,Rx,0,2,52,FE,00,00,00,00,00,00
10203016,00000012,false,Rx,0,0,00,00,00,00,00,00,00,00
10218071,00000025,false,Rx,0,8,5D,55,F0,11,11,11,D1,FF
10258080,00000001,false,Rx,0,2,5E,01,00,00,00,00,00,00
10268082,00000010,false,Rx,0,6,5E,21,FE,C0,99,99,00,00
10288086,00000011,false,Rx,0,4,00,6B,00,F8,00,00,00,00
10303037,00000012,false,Rx,0,0,00,00,00,00,00,00,00,00
10358101,00000001,false,Rx,0,2,5E,01,00,00,00,00,00,00
10368103,00000010,false,Rx,0,6,5E,21,FE,C0,99,99,00,00
10388107,00000011,false,Rx,0,4,00,6B,00,F8,00,00,00,00
10398109,00000004,false,Rx,0,2,4E,FE,00,00,00,00,00,00
10403058,00000012,false,Rx,0,0,00,00,00,00,00,00,00,00
10418114,00000025,false,Rx,0,8,5D,55,F0,11,11,11,D1,FF
10458122,00000001,false,Rx,0,2,5E,01,00,00,00,00,00,00
10468124,00000010,false,Rx,0,6,5E,21,FE,C0,99,99,00,00
10488129,00000011,false,Rx,0,4,00,69,00,F8,00,00,00,00
10503080,00000012,false,Rx,0,0,00,00,00,00,00,00,00,00
10558143,00000001,false,Rx,0,2,5E,01,00,00,00,00,00,00
10568146,00000010,false,Rx,0,6,5E,21,FE,C0,99,99,00,00
10588150,00000011,false,Rx,0,4,00,6E,00,F8,00,00,00,00
10598152,00000004,false,Rx,0,2,50,FE,00,00,00,00,00,00
10603153,00000012,false,Rx,0,0,00,00,00,00,00,00,00,00
10618156,00000025,false,Rx,0,8,5D,55,F0,11,11,11,D1,FF
10658165,00000001,false,Rx,0,2,5E,01,00,00,00,00,00,00
10668167,00000010,false,Rx,0,6,5E,21,FE,C0,99,99,00,00
10688171,00000011,false,Rx,0,4,00,70,00,F8,00,00,00,00
10703122,00000012,false,Rx,0,0,00,00,00,00,00,00,00,00
10758186,00000001,false,Rx,0,2,5E,01,00,00,00,00,00,00
10768188,00000010,false,Rx,0,6,5E,21,FE,C0,99,99,00,00
10788192,00000011,false,Rx,0,4,00,70,00,F8,00,00,00,00
10798194,00000004,false,Rx,0,2,52,FE,00,00,00,00,00,00
10803195,00000012,false,Rx,0,0,00,00,00,00,00,00,00,00
10818199,00000025,false,Rx,0,8,5D,55,F0,11,11,11,D1,FF
10858207,00000001,false,Rx,0,2,5E,01,00,00,00,00,00,00
10868209,00000010,false,Rx,0,6,5E,21,FE,C0,99,99,00,00
10888213,00000011,false,Rx,0,4,00,73,00,F8,00,00,00,00
10903165,00000012,false,Rx,0,0,00,00,00,00,00,00,00,00
10958228,00000001,false,Rx,0,2,5E,01,00,00,00,00,00,00
10968230,00000010,false,Rx,0,6,5E,21,FE,C0,99,99,00,00
10988235,00000011,false,Rx,0,4,00,70,00,F8,00,00,00,00
10998237,00000004,false,Rx,0,2,52,FE,00,00,00,00,00,00
11003238,00000012,false,Rx,0,0,00,00,00,00,00,00,00,00
11018241,00000025,false,Rx,0,8,5D,55,F0,11,11,11,D1,FF
11058250,00000001,false,Rx,0,2,5E,01,00,00,00,00,00,00
11068252,00000010,false,Rx,0,6,5E,21,FE,C0,99,99,00,00
11088256,00000011,false,Rx,0,4,00,6E,00,F8,00,00,00,00
11103207,00000012,false,Rx,0,0,00,00,00,00,00,00,00,00
11158271,00000001,false,Rx,0,2,5E,01,00,00,00,00,00,00
11168273,00000010,false,Rx,0,6,5E,21,FE,C0,99,99,00,00
11188277,00000011,false,Rx,0,4,00,6E,00,F8,00,00,00,00
11198279,00000004,false,Rx,0,2,50,FE,00,00,00,00,00,00
11203280,00000012,false,Rx,0,0,00,00,00,00,00,00,00,00
11218284,00000025,false,Rx,0,8,5D,55,F0,11,11,11,D1,FF
11258292,00000001,false,Rx,0,2,5E,01,00,00,00,00,00,00
11268294,00000010,false,Rx,0,6,5E,21,FE,C0,99,99,00,00
11288298,00000011,false,Rx,0,4,00,6E,00,F8,00,00,00,00
11303249,00000012,false,Rx,0,0,00,00,00,00,00,00,00,00
11358313,00000001,false,Rx,0,2,5E,01,00,00,00,00,00,00
11368315,00000010,false,Rx,0,6,5E,21,FE,C0,99,99,00,00
11388320,00000011,false,Rx,0,4,00,70,00,F8,00,00,00,00
11398322,00000004,false,Rx,0,2,52,FE,00,00,00,00,00,00
11403375,00000012,false,Rx,0,0,00,00,00,00,00,00,00,00
11418326,00000025,false,Rx,0,8,5D,55,F0,11,11,11,D1,FF
11458334,00000001,false,Rx,0,2,5E,01,00,00,00,00,00,00
11468337,00000010,false,Rx,0,6,5E,21,FE,C0,99,99,00,00
11488341,00000011,false,Rx,0,4,00,75,00,F8,00,00,00,00
11503344,00000012,false,Rx,0,0,00,00,00,00,00,00,00,00
11558356,00000001,false,Rx,0,2,5E,01,00,00,00,00,00,00
11568358,00000010,false,Rx,0,6,5E,21,FE,C0,99,99,00,00
11588362,00000011,false,Rx,0,4,00,6B,00,F8,00,00,00,00
11598364,00000004,false,Rx,0,2,4E,FE,00,00,00,00,00,00
11603365,00000012,false,Rx,0,0,00,00,00,00,00,00,00,00
11618368,00000025,false,Rx,0,8,5D,55,F0,11,11,11,D1,FF
11658377,00000001,false,Rx,0,2,5E,01,00,00,00,00,00,00
11668379,00000010,false,Rx,0,6,5E,21,FE,C0,99,99,00,00
11688383,00000011,false,Rx,0,4,00,6E,00,F8,00,00,00,00
11703334,00000012,false,Rx,0,0,00,00,00,00,00,00,00,00
11758398,00000001,false,Rx,0,2,5E,01,00,00,00,00,00,00
11768400,00000010,false,Rx,0,6,5E,21,FE,C0,99,99,00,00
11788405,00000011,false,Rx,0,4,00,70,00,F8,00,00,00,00
11798407,00000004,false,Rx,0,2,52,FE,00,00,00,00,00,00
11803408,00000012,false,Rx,0,0,00,00,00,00,00,00,00,00
11818411,00000025,false,Rx,0,8,5D,55,F0,11,11,11,D1,FF
11858419,00000001,false,Rx,0,2,5E,01,00,00,00,00,00,00
11868422,00000010,false,Rx,0,6,5E,21,FE,C0,99,99,00,00
11888426,00000011,false,Rx,0,4,00,6E,00,F8,00,00,00,00
11903377,00000012,false,Rx,0,0,00,00,00,00,00,00,00,00
11958441,00000001,false,Rx,0,2,5E,01,00,00,00,00,00,00
11968443,00000010,false,Rx,0,6,5E,21,FE,C0,99,99,00,00
11988447,00000011,false,Rx,0,4,00,6B,00,F8,00,00,00,00
11998449,00000004,false,Rx,0,2,4E,FE,00,00,00,00,00,00
12003450,00000012,false,Rx,0,0,00,00,00,00,00,00,00,00
12018453,00000025,false,Rx,0,8,5D,55,F0,11,11,11,D1,FF
12058462,00000001,false,Rx,0,2,5E,01,00,00,00,00,00,00
12068464,00000010,false,Rx,0,6,5E,21,FE,C0,99,99,00,00
12088468,00000011,false,Rx,0,4,00,6B,00,F8,00,00,00,00
12103419,00000012,false,Rx,0,0,00,00,00,00,00,00,00,00
12158483,00000001,false,Rx,0,2,5E,01,00,00,00,00,00,00
12168485,00000010,false,Rx,0,6,5E,21,FE,C0,99,99,00,00
12188489,00000011,false,Rx,0,4,00,66,00,F8,00,00,00,00
12198492,00000004,false,Rx,0,2,4B,FE,00,00,00,00,00,00
12203493,00000012,false,Rx,0,0,00,00,00,00,00,00,00,00
12218496,00000025,false,Rx,0,8,5D,55,F0,11,11,11,D1,FF
12258504,00000001,false,Rx,0,2,5E,01,00,00,00,00,00,00
12268506,00000010,false,Rx,0,6,5E,21,FE,C0,99,99,00,00
12288511,00000011,false,Rx,0,4,00,70,00,F8,00,00,00,00
12303462,00000012,false,Rx,0,0,00,00,00,00,00,00,00,00
12358526,00000001,false,Rx,0,2,5E,01,00,00,00,00,00,00
12368528,00000010,false,Rx,0,6,5E,21,FE,C0,99,99,00,00
12388532,00000011,false,Rx,0,4,00,66,00,F8,00,00,00,00
12398534,00000004,false,Rx,0,2,4B,FE,00,00,00,00,00,00
12403535,00000012,false,Rx,0,0,00,00,00,00,00,00,00,00
12418538,00000025,false,Rx,0,8,5D,55,F0,11,11,11,D1,FF
12458547,00000001,false,Rx,0,2,5E,01,00,00,00,00,00,00
12468549,00000010,false,Rx,0,6,5E,21,FE,C0,99,99,00,00
12488553,00000011,false,Rx,0,4,00,6E,00,F8,00,00,00,00
12503504,00000012,false,Rx,0,0,00,00,00,00,00,00,00,00
12558568,00000001,false,Rx,0,2,5E,01,00,00,00,00,00,00
12568570,00000010,false,Rx,0,6,5E,21,FE,C0,99,99,00,00
12588574,00000011,false,Rx,0,4,00,6E,00,F8,00,00,00,00
12598576,00000004,false,Rx,0,2,50,FE,00,00,00,00,00,00
12603578,00000012,false,Rx,0,0,00,00,00,00,00,00,00,00
12618581,00000025,false,Rx,0,8,5D,55,F0,11,11,11,D1,FF
12658589,00000001,false,Rx,0,2,5E,01,00,00,00,00,00,00
12668591,00000010,false,Rx,0,6,5E,21,FE,C0,99,99,00,00
12688596,00000011,false,Rx,0,4,00,70,00,F8,00,00,00,00
12703547,00000012,false,Rx,0,0,00,00,00,00,00,00,00,00
12758610,00000001,false,Rx,0,2,5E,01,00,00,00,00,00,00
12768613,00000010,false,Rx,0,6,5E,21,FE,C0,99,99,00,00
12788617,00000011,false,Rx,0,4,00,73,00,F8,00,00,00,00
12798619,00000004,false,Rx,0,2,53,FE,00,00,00,00,00,00
12803620,00000012,false,Rx,0,0,00,00,00,00,00,00,00,00
12818623,00000025,false,Rx,0,8,5D,55,F0,11,11,11,D1,FF
12858632,00000001,false,Rx,0,2,5E,01,00,00,00,00,00,00
12868634,00000010,false,Rx,0,6,5E,21,FE,C0,99,99,00,00
12888638,00000011,false,Rx,0,4,00,6E,00,F8,00,00,00,00
12903589,00000012,false,Rx,0,0,00,00,00,00,00,00,00,00
12958653,00000001,false,Rx,0,2,5E,01,00,00,00,00,00,00
12968655,00000010,false,Rx,0,6,5E,21,FE,C0,99,99,00,00
12988659,00000011,false,Rx,0,4,00,70,00,F8,00,00,00,00
12998661,00000004,false,Rx,0,2,52,FE,00,00,00,00,00,00
13003662,00000012,false,Rx,0,0,00,00,00,00,00,00,00,00
13018666,00000025,false,Rx,0,8,5D,64,F0,11,11,11,D1,FF
13058674,00000001,false,Rx,0,2,5E,01,00,00,00,00,00,00
13068676,00000010,false,Rx,0,6,5E,21,FE,C0,99,99,00,00
13088681,00000011,false,Rx,0,4,00,70,00,F8,00,00,00,00
13103632,00000012,false,Rx,0,0,00,00,00,00,00,00,00,00
13158695,00000001,false,Rx,0,2,5E,01,00,00,00,00,00,00
13168698,00000010,false,Rx,0,6,5E,21,FE,C0,99,99,00,00
13188702,00000011,false,Rx,0,4,00,73,00,F8,00,00,00,00
13198704,00000004,false,Rx,0,2,53,FE,00,00,00,00,00,00
13203705,00000012,false,Rx,0,0,00,00,00,00,00,00,00,00
13218708,00000025,false,Rx,0,8,5D,43,F0,11,11,11,D1,FF
13258717,00000001,false,Rx,0,2,5E,01,00,00,00,00,00,00
13268719,00000010,false,Rx,0,6,5E,21,FE,C0,99,99,00,00
13288723,00000011,false,Rx,0,4,00,6B,00,F8,00,00,00,00
13303726,00000012,false,Rx,0,0,00,00,00,00,00,00,00,00
13358738,00000001,false,Rx,0,2,5E,01,00,00,00,00,00,00
13368740,00000010,false,Rx,0,6,5E,21,FE,C0,99,99,00,00
13388744,00000011,false,Rx,0,4,00,6E,00,F8,00,00,00,00
13398746,00000004,false,Rx,0,2,50,FE,00,00,00,00,00,00
13403747,00000012,false,Rx,0,0,00,00,00,00,00,00,00,00
13418751,00000025,false,Rx,0,8,5D,43,F0,11,11,11,D1,FF
13458759,00000001,false,Rx,0,2,5E,01,00,00,00,00,00,00
13468761,00000010,false,Rx,0,6,5E,21,FE,C0,99,99,00,00
13488765,00000011,false,Rx,0,4,00,73,00,F8,00,00,00,00
13503769,00000012,false,Rx,0,0,00,00,00,00,00,00,00,00
13558780,00000001,false,Rx,0,2,5E,01,00,00,00,00,00,00
13568782,00000010,false,Rx,0,6,5E,21,FE,C0,99,99,00,00
13588787,00000011,false,Rx,0,4,00,6B,00,F8,00,00,00,00
13598789,00000004,false,Rx,0,2,4E,FE,00,00,00,00,00,00
13603790,00000012,false,Rx,0,0,00,00,00,00,00,00,00,00
13618793,00000025,false,Rx,0,8,5D,43,F0,11,11,11,D1,FF
13658802,00000001,false,Rx,0,2,5E,01,00,00,00,00,00,00
13668804,00000010,false,Rx,0,6,5E,21,FE,C0,99,99,00,00
13688808,00000011,false,Rx,0,4,00,6B,00,F8,00,00,00,00
13703811,00000012,false,Rx,0,0,00,00,00,00,00,00,00,00
13758823,00000001,false,Rx,0,2,5E,01,00,00,00,00,00,00
13768825,00000010,false,Rx,0,6,5E,21,FE,C0,99,99,00,00
13788829,00000011,false,Rx,0,4,00,6B,00,F8,00,00,00,00
13798831,00000004,false,Rx,0,2,4E,FE,00,00,00,00,00,00
13803832,00000012,false,Rx,0,0,00,00,00,00,00,00,00,00
13818836,00000025,false,Rx,0,8,5D,43,F0,11,11,11,D1,FF
13858844,00000001,false,Rx,0,2,5E,01,00,00,00,00,00,00
13868846,00000010,false,Rx,0,6,5E,21,FE,C0,99,99,00,00
13888850,00000011,false,Rx,0,4,00,6B,00,F8,00,00,00,00
13903854,00000012,false,Rx,0,0,00,00,00,00,00,00,00,00
13958865,00000001,false,Rx,0,2,5E,01,00,00,00,00,00,00
13968867,00000010,false,Rx,0,6,5E,21,FE,C0,99,99,00,00
13988872,00000011,false,Rx,0,4,00,6B,00,F8,00,00,00,00
13998874,00000004,false,Rx,0,2,4E,FE,00,00,00,00,00,00
14003875,00000012,false,Rx,0,0,00,00,00,00,00,00,00,00
14018878,00000025,false,Rx,0,8,5D,43,F0,11,11,11,D1,FF
14058886,00000001,false,Rx,0,2,5E,01,00,00,00,00,00,00
14068889,00000010,false,Rx,0,6,5E,21,FE,C0,99,99,00,00
14088893,00000011,false,Rx,0,4,00,6B,00,F8,00,00,00,00
14103896,00000012,false,Rx,0,0,00,00,00,00,00,00,00,00
14158908,00000001,false,Rx,0,2,5E,01,00,00,00,00,00,00
14168910,00000010,false,Rx,0,6,5E,21,FE,C0,99,99,00,00
14188914,00000011,false,Rx,0,4,00,73,00,F8,00,00,00,00
14198916,00000004,false,Rx,0,2,53,FE,00,00,00,00,00,00
14203917,00000012,false,Rx,0,0,00,00,00,00,00,00,00,00
14218920,00000025,false,Rx,0,8,5D,43,F0,11,11,11,D1,FF
14258929,00000001,false,Rx,0,2,5E,01,00,00,00,00,00,00
14268931,00000010,false,Rx,0,6,5E,21,FE,C0,99,99,00,00
14288935,00000011,false,Rx,0,4,00,70,00,F8,00,00,00,00
14303938,00000012,false,Rx,0,0,00,00,00,00,00,00,00,00
14358950,00000001,false,Rx,0,2,5E,01,00,00,00,00,00,00
14368952,00000010,false,Rx,0,6,5E,21,FE,C0,99,99,00,00
14388957,00000011,false,Rx,0,4,00,6E,00,F8,00,00,00,00
14398959,00000004,false,Rx,0,2,50,FE,00,00,00,00,00,00
14403960,00000012,false,Rx,0,0,00,00,00,00,00,00,00,00
14418963,00000025,false,Rx,0,8,5D,43,F0,11,11,11,D1,FF
14458971,00000001,false,Rx,0,2,5E,01,00,00,00,00,00,00
14468974,00000010,false,Rx,0,6,5E,21,FE,C0,99,99,00,00
14488978,00000011,false,Rx,0,4,00,6E,00,F8,00,00,00,00
14503981,00000012,false,Rx,0,0,00,00,00,00,00,00,00,00
14558993,00000001,false,Rx,0,2,5E,01,00,00,00,00,00,00
14568995,00000010,false,Rx,0,6,5E,21,FE,C0,99,99,00,00
14588999,00000011,false,Rx,0,4,00,70,00,F8,00,00,00,00
14599001,00000004,false,Rx,0,2,52,FE,00,00,00,00,00,00
14604002,00000012,false,Rx,0,0,00,00,00,00,00,00,00,00
14619005,00000025,false,Rx,0,8,5D,43,F0,11,11,11,D1,FF
14659014,00000001,false,Rx,0,2,5E,01,00,00,00,00,00,00
14669016,00000010,false,Rx,0,6,5E,21,FE,C0,99,99,00,00
14689020,00000011,false,Rx,0,4,00,6E,00,F8,00,00,00,00
14704023,00000012,false,Rx,0,0,00,00,00,00,00,00,00,00
14759035,00000001,false,Rx,0,2,5E,01,00,00,00,00,00,00
14769037,00000010,false,Rx,0,6,5E,21,FE,C0,99,99,00,00
14789041,00000011,false,Rx,0,4,00,6B,00,F8,00,00,00,00
14799044,00000004,false,Rx,0,2,4E,FE,00,00,00,00,00,00
14804045,00000012,false,Rx,0,0,00,00,00,00,00,00,00,00
14819048,00000025,false,Rx,0,8,5D,43,F0,11,11,11,D1,FF
14859056,00000001,false,Rx,0,2,5E,01,00,00,00,00,00,00
14869058,00000010,false,Rx,0,6,5E,21,FE,C0,99,99,00,00
14889063,00000011,false,Rx,0,4,00,6E,00,F8,00,00,00,00
14904066,00000012,false,Rx,0,0,00,00,00,00,00,00,00,00
14959078,00000001,false,Rx,0,2,5E,01,00,00,00,00,00,00
14969080,00000010,false,Rx,0,6,5E,21,FE,C0,99,99,00,00
14989084,00000011,false,Rx,0,4,00,70,00,F8,00,00,00,00
14999086,00000004,false,Rx,0,2,52,FE,00,00,00,00,00,00
15004087,00000012,false,Rx,0,0,00,00,00,00,00,00,00,00
15019090,00000025,false,Rx,0,8,5D,5A,F0,11,11,11,D1,FF
15059099,00000001,false,Rx,0,2,5E,01,00,00,00,00,00,00
15069101,00000010,false,Rx,0,6,5E,21,FE,C0,99,99,00,00
15089105,00000011,false,Rx,0,4,00,66,00,F8,00,00,00,00
15104108,00000012,false,Rx,0,0,00,00,00,00,00,00,00,00
15159120,00000001,false,Rx,0,2,5E,01,00,00,00,00,00,00
15169122,00000010,false,Rx,0,6,5E,21,FE,C0,99,99,00,00
15189126,00000011,false,Rx,0,4,00,6B,00,F8,00,00,00,00
15199128,00000004,false,Rx,0,2,4E,FE,00,00,00,00,00,00
15204130,00000012,false,Rx,0,0,00,00,00,00,00,00,00,00
15219133,00000025,false,Rx,0,8,5D,5A,F0,11,11,11,D1,FF
15259141,00000001,false,Rx,0,2,5E,01,00,00,00,00,00,00
15269143,00000010,false,Rx,0,6,5E,21,FE,C0,99,99,00,00
15289148,00000011,false,Rx,0,4,00,70,00,F8,00,00,00,00
15304151,00000012,false,Rx,0,0,00,00,00,00,00,00,00,00
15359162,00000001,false,Rx,0,2,5E,01,00,00,00,00,00,00
15369165,00000010,false,Rx,0,6,5E,21,FE,C0,99,99,00,00
15389169,00000011,false,Rx,0,4,00,6B,00,F8,00,00,00,00
15399171,00000004,false,Rx,0,2,4E,FE,00,00,00,00,00,00
15404172,00000012,false,Rx,0,0,00,00,00,00,00,00,00,00
15419175,00000025,false,Rx,0,8,5D,5C,F0,11,11,11,D1,FF
15459184,00000001,false,Rx,0,2,5E,01,00,00,00,00,00,00
15469186,00000010,false,Rx,0,6,5E,21,FE,C0,99,99,00,00
15489190,00000011,false,Rx,0,4,00,6E,00,F8,00,00,00,00
15504193,00000012,false,Rx,0,0,00,00,00,00,00,00,00,00
15559205,00000001,false,Rx,0,2,5E,01,00,00,00,00,00,00
15569207,00000010,false,Rx,0,6,5E,21,FE,C0,99,99,00,00
15589211,00000011,false,Rx,0,4,00,69,00,F8,00,00,00,00
15599213,00000004,false,Rx,0,2,4C,FE,00,00,00,00,00,00
15604214,00000012,false,Rx,0,0,00,00,00,00,00,00,00,00
15619218,00000025,false,Rx,0,8,5D,5C,F0,11,11,11,D1,FF
15659226,00000001,false,Rx,0,2,5E,01,00,00,00,00,00,00
15669228,00000010,false,Rx,0,6,5E,21,FE,C0,99,99,00,00
15689233,00000011,false,Rx,0,4,00,6E,00,F8,00,00,00,00
15704236,00000012,false,Rx,0,0,00,00,00,00,00,00,00,00
15759247,00000001,false,Rx,0,2,5E,01,00,00,00,00,00,00
15769250,00000010,false,Rx,0,6,5E,21,FE,C0,99,99,00,00
15789254,00000011,false,Rx,0,4,00,70,00,F8,00,00,00,00
15799256,00000004,false,Rx,0,2,52,FE,00,00,00,00,00,00
15804257,00000012,false,Rx,0,0,00,00,00,00,00,00,00,00
15819260,00000025,false,Rx,0,8,5D,57,F0,11,11,11,D1,FF
15859269,00000001,false,Rx,0,2,5E,01,00,00,00,00,00,00
15869271,00000010,false,Rx,0,6,5E,21,FE,C0,99,99,00,00
15889275,00000011,false,Rx,0,4,00,6E,00,F8,00,00,00,00
15904278,00000012,false,Rx,0,0,00,00,00,00,00,00,00,00
15959290,00000001,false,Rx,0,2,5E,01,00,00,00,00,00,00
15969292,00000010,false,Rx,0,6,5E,21,FE,C0,99,99,00,00
15989296,00000011,false,Rx,0,4,00,6B,00,F8,00,00,00,00
15999298,00000004,false,Rx,0,2,4E,FE,00,00,00,00,00,00
16004299,00000012,false,Rx,0,0,00,00,00,00,00,00,00,00
16019303,00000025,false,Rx,0,8,5D,55,F0,11,11,11,D1,FF
16059311,00000001,false,Rx,0,2,5E,01,00,00,00,00,00,00
16069313,00000010,false,Rx,0,6,5E,21,FE,C0,99,99,00,00
16089317,00000011,false,Rx,0,4,00,6E,00,F8,00,00,00,00
16104321,00000012,false,Rx,0,0,00,00,00,00,00,00,00,00
16159332,00000001,false,Rx,0,2,5E,01,00,00,00,00,00,00
16169334,00000010,false,Rx,0,6,5E,21,FE,C0,99,99,00,00
16189339,00000011,false,Rx,0,4,00,6B,00,F8,00,00,00,00
16199341,00000004,false,Rx,0,2,4E,FE,00,00,00,00,00,00
16204342,00000012,false,Rx,0,0,00,00,00,00,00,00,00,00
16219345,00000025,false,Rx,0,8,5D,55,F0,11,11,11,D1,FF
16259354,00000001,false,Rx,0,2,5E,01,00,00,00,00,00,00
16269356,00000010,false,Rx,0,6,5E,21,FE,C0,99,99,00,00
16289360,00000011,false,Rx,0,4,00,6E,00,F8,00,00,00,00
16304363,00000012,false,Rx,0,0,00,00,00,00,00,00,00,00
16359375,00000001,false,Rx,0,2,5E,01,00,00,00,00,00,00
16369377,00000010,false,Rx,0,6,5E,21,FE,C0,99,99,00,00
16389381,00000011,false,Rx,0,4,00,6E,00,F8,00,00,00,00
16399383,00000004,false,Rx,0,2,50,FE,00,00,00,00,00,00
16404384,00000012,false,Rx,0,0,00,00,00,00,00,00,00,00
16419387,00000025,false,Rx,0,8,5D,55,F0,11,11,11,D1,FF
16459396,00000001,false,Rx,0,2,5E,01,00,00,00,00,00,00
16469398,00000010,false,Rx,0,6,5E,21,FE,C0,99,99,00,00
16489402,00000011,false,Rx,0,4,00,73,00,F8,00,00,00,00
16504406,00000012,false,Rx,0,0,00,00,00,00,00,00,00,00
16559417,00000001,false,Rx,0,2,5E,01,00,00,00,00,00,00
16569419,00000010,false,Rx,0,6,5E,21,FE,C0,99,99,00,00
16589424,00000011,false,Rx,0,4,00,70,00,F8,00,00,00,00
16599426,00000004,false,Rx,0,2,52,FE,00,00,00,00,00,00
16604427,00000012,false,Rx,0,0,00,00,00,00,00,00,00,00
16619430,00000025,false,Rx,0,8,5D,55,F0,11,11,11,D1,FF
16659438,00000001,false,Rx,0,2,5E,01,00,00,00,00,00,00
16669441,00000010,false,Rx,0,6,5E,21,FE,C0,99,99,00,00
16689445,00000011,false,Rx,0,4,00,70,00,F8,00,00,00,00
16704448,00000012,false,Rx,0,0,00,00,00,00,00,00,00,00
16759460,00000001,false,Rx,0,2,5E,01,00,00,00,00,00,00
16769462,00000010,false,Rx,0,6,5E,21,FE,C0,99,99,00,00
16789466,00000011,false,Rx,0,4,00,6E,00,F8,00,00,00,00
16799468,00000004,false,Rx,0,2,50,FE,00,00,00,00,00,00
16804469,00000012,false,Rx,0,0,00,00,00,00,00,00,00,00
16819472,00000025,false,Rx,0,8,5D,55,F0,11,11,11,D1,FF
16859481,00000001,false,Rx,0,2,5E,01,00,00,00,00,00,00
16869483,00000010,false,Rx,0,6,5E,21,FE,C0,99,99,00,00
16889487,00000011,false,Rx,0,4,00,6E,00,F8,00,00,00,00
16904490,00000012,false,Rx,0,0,00,00,00,00,00,00,00,00
16959502,00000001,false,Rx,0,2,5E,01,00,00,00,00,00,00
16969504,00000010,false,Rx,0,6,5E,21,FE,C0,99,99,00,00
16989509,00000011,false,Rx,0,4,00,70,00,F8,00,00,00,00
16999511,00000004,false,Rx,0,2,52,FE,00,00,00,00,00,00
17004512,00000012,false,Rx,0,0,00,00,00,00,00,00,00,00
17019515,00000025,false,Rx,0,8,5D,55,F0,11,11,11,D1,FF
17059523,00000001,false,Rx,0,2,5E,01,00,00,00,00,00,00
17069526,00000010,false,Rx,0,6,5E,21,FE,C0,99,99,00,00
17089530,00000011,false,Rx,0,4,00,6E,00,F8,00,00,00,00
17104533,00000012,false,Rx,0,0,00,00,00,00,00,00,00,00
17159545,00000001,false,Rx,0,2,5E,01,00,00,00,00,00,00
17169547,00000010,false,Rx,0,6,5E,21,FE,C0,99,99,00,00
17189551,00000011,false,Rx,0,4,00,6E,00,F8,00,00,00,00
17199553,00000004,false,Rx,0,2,50,FE,00,00,00,00,00,00
17204554,00000012,false,Rx,0,0,00,00,00,00,00,00,00,00
17219557,00000025,false,Rx,0,8,5D,55,F0,11,11,11,D1,FF
17259566,00000001,false,Rx,0,2,5E,01,00,00,00,00,00,00
17269568,00000010,false,Rx,0,6,5E,21,FE,C0,99,99,00,00
17289572,00000011,false,Rx,0,4,00,70,00,F8,00,00,00,00
17304575,00000012,false,Rx,0,0,00,00,00,00,00,00,00,00
17359587,00000001,false,Rx,0,2,5E,01,00,00,00,00,00,00
17369589,00000010,false,Rx,0,6,5E,21,FE,C0,99,99,00,00
17389593,00000011,false,Rx,0,4,00,6B,00,F8,00,00,00,00
17399596,00000004,false,Rx,0,2,4E,FE,00,00,00,00,00,00
17404597,00000012,false,Rx,0,0,00,00,00,00,00,00,00,00
17419600,00000025,false,Rx,0,8,5D,55,F0,11,11,11,D1,FF
17459608,00000001,false,Rx,0,2,5E,01,00,00,00,00,00,00
17469610,00000010,false,Rx,0,6,5E,21,FE,C0,99,99,00,00
17489615,00000011,false,Rx,0,4,00,6B,00,F8,00,00,00,00
17504618,00000012,false,Rx,0,0,00,00,00,00,00,00,00,00
17559630,00000001,false,Rx,0,2,5E,01,00,00,00,00,00,00
17569632,00000010,false,Rx,0,6,5E,21,FE,C0,99,99,00,00
17589636,00000011,false,Rx,0,4,00,6E,00,F8,00,00,00,00
17599638,00000004,false,Rx,0,2,50,FE,00,00,00,00,00,00
17604639,00000012,false,Rx,0,0,00,00,00,00,00,00,00,00
17619642,00000025,false,Rx,0,8,5D,55,F0,11,11,11,D1,FF
17659651,00000001,false,Rx,0,2,5E,01,00,00,00,00,00,00
17669653,00000010,false,Rx,0,6,5E,21,FE,C0,99,99,00,00
17689657,00000011,false,Rx,0,4,00,69,00,F8,00,00,00,00
17704660,00000012,false,Rx,0,0,00,00,00,00,00,00,00,00
17759672,00000001,false,Rx,0,2,5E,01,00,00,00,00,00,00
17769674,00000010,false,Rx,0,6,5E,21,FE,C0,99,99,00,00
17789678,00000011,false,Rx,0,4,00,69,00,F8,00,00,00,00
17799680,00000004,false,Rx,0,2,4C,FE,00,00,00,00,00,00
17804682,00000012,false,Rx,0,0,00,00,00,00,00,00,00,00
17819685,00000025,false,Rx,0,8,5D,55,F0,11,11,11,D1,FF
17859693,00000001,false,Rx,0,2,5E,01,00,00,00,00,00,00
17869695,00000010,false,Rx,0,6,5E,21,FE,C0,99,99,00,00
17889700,00000011,false,Rx,0,4,00,6E,00,F8,00,00,00,00
17904703,00000012,false,Rx,0,0,00,00,00,00,00,00,00,00
17959714,00000001,false,Rx,0,2,5E,01,00,00,00,00,00,00
17969717,00000010,false,Rx,0,6,5E,21,FE,C0,99,99,00,00
17989721,00000011,false,Rx,0,4,00,6E,00,F8,00,00,00,00
17999723,00000004,false,Rx,0,2,50,FE,00,00,00,00,00,00
18004724,00000012,false,Rx,0,0,00,00,00,00,00,00,00,00
18019727,00000025,false,Rx,0,8,5D,55,F0,11,11,11,D1,FF
18059736,00000001,false,Rx,0,2,5E,01,00,00,00,00,00,00
18069738,00000010,false,Rx,0,6,5E,21,FE,C0,99,99,00,00
18089742,00000011,false,Rx,0,4,00,70,00,F8,00,00,00,00
18104745,00000012,false,Rx,0,0,00,00,00,00,00,00,00,00
18159757,00000001,false,Rx,0,2,5E,01,00,00,00,00,00,00
18169759,00000010,false,Rx,0,6,5E,21,FE,C0,99,99,00,00
18189763,00000011,false,Rx,0,4,00,70,00,F8,00,00,00,00
18199765,00000004,false,Rx,0,2,52,FE,00,00,00,00,00,00
18204766,00000012,false,Rx,0,0,00,00,00,00,00,00,00,00
18219770,00000025,false,Rx,0,8,5D,55,F0,11,11,11,D1,FF
18259778,00000001,false,Rx,0,2,5E,01,00,00,00,00,00,00
18269780,00000010,false,Rx,0,6,5E,21,FE,C0,99,99,00,00
18289785,00000011,false,Rx,0,4,00,6E,00,F8,00,00,00,00
18304788,00000012,false,Rx,0,0,00,00,00,00,00,00,00,00
18359799,00000001,false,Rx,0,2,5E,01,00,00,00,00,00,00
18369801,00000010,false,Rx,0,6,5E,21,FE,C0,99,99,00,00
18389806,00000011,false,Rx,0,4,00,70,00,F8,00,00,00,00
18399808,00000004,false,Rx,0,2,52,FE,00,00,00,00,00,00
18404809,00000012,false,Rx,0,0,00,00,00,00,00,00,00,00
18419812,00000025,false,Rx,0,8,5D,55,F0,11,11,11,D1,FF
18459821,00000001,false,Rx,0,2,5E,01,00,00,00,00,00,00
18469823,00000010,false,Rx,0,6,5E,21,FE,C0,99,99,00,00
18489827,00000011,false,Rx,0,4,00,6B,00,F8,00,00,00,00
18504830,00000012,false,Rx,0,0,00,00,00,00,00,00,00,00
18559842,00000001,false,Rx,0,2,5E,01,00,00,00,00,00,00
18569844,00000010,false,Rx,0,6,5E,21,FE,C0,99,99,00,00
18589848,00000011,false,Rx,0,4,00,6B,00,F8,00,00,00,00
18599850,00000004,false,Rx,0,2,4E,FE,00,00,00,00,00,00
18604851,00000012,false,Rx,0,0,00,00,00,00,00,00,00,00
18619855,00000025,false,Rx,0,8,5D,55,F0,11,11,11,D1,FF
18659863,00000001,false,Rx,0,2,5E,01,00,00,00,00,00,00
18669865,00000010,false,Rx,0,6,5E,21,FE,C0,99,99,00,00
18689869,00000011,false,Rx,0,4,00,6E,00,F8,00,00,00,00
18704873,00000012,false,Rx,0,0,00,00,00,00,00,00,00,00
18759884,00000001,false,Rx,0,2,5E,01,00,00,00,00,00,00
18769886,00000010,false,Rx,0,6,5E,21,FE,C0,99,99,00,00
18789891,00000011,false,Rx,0,4,00,73,00,F8,00,00,00,00
18799893,00000004,false,Rx,0,2,53,FE,00,00,00,00,00,00
18804894,00000012,false,Rx,0,0,00,00,00,00,00,00,00,00
18819897,00000025,false,Rx,0,8,5D,55,F0,11,11,11,D1,FF
18859905,00000001,false,Rx,0,2,5E,01,00,00,00,00,00,00
18869908,00000010,false,Rx,0,6,5E,21,FE,C0,99,99,00,00
18889912,00000011,false,Rx,0,4,00,6B,00,F8,00,00,00,00
18904915,00000012,false,Rx,0,0,00,00,00,00,00,00,00,00
18959927,00000001,false,Rx,0,2,5E,01,00,00,00,00,00,00
18969929,00000010,false,Rx,0,6,5E,21,FE,C0,99,99,00,00
18989933,00000011,false,Rx,0,4,00,70,00,F8,00,00,00,00
18999935,00000004,false,Rx,0,2,52,FE,00,00,00,00,00,00
19004936,00000012,false,Rx,0,0,00,00,00,00,00,00,00,00
19019940,00000025,false,Rx,0,8,5D,66,F0,11,11,11,D1,FF
19059948,00000001,false,Rx,0,2,5E,01,00,00,00,00,00,00
19069950,00000010,false,Rx,0,6,5E,21,FE,C0,99,99,00,00
19089954,00000011,false,Rx,0,4,00,6E,00,F8,00,00,00,00
19104958,00000012,false,Rx,0,0,00,00,00,00,00,00,00,00
19159969,00000001,false,Rx,0,2,5E,01,00,00,00,00,00,00
19169971,00000010,false,Rx,0,6,5E,21,FE,C0,99,99,00,00
19189976,00000011,false,Rx,0,4,00,73,00,F8,00,00,00,00
19199978,00000004,false,Rx,0,2,53,FE,00,00,00,00,00,00
19204979,00000012,false,Rx,0,0,00,00,00,00,00,00,00,00
19219982,00000025,false,Rx,0,8,5D,43,F0,11,11,11,D1,FF
19259990,00000001,false,Rx,0,2,5E,01,00,00,00,00,00,00
19269993,00000010,false,Rx,0,6,5E,21,FE,C0,99,99,00,00
19289997,00000011,false,Rx,0,4,00,70,00,F8,00,00,00,00
19305000,00000012,false,Rx,0,0,00,00,00,00,00,00,00,00
19360012,00000001,false,Rx,0,2,5E,01,00,00,00,00,00,00
19370014,00000010,false,Rx,0,6,5E,21,FE,C0,99,99,00,00
19390018,00000011,false,Rx,0,4,00,6B,00,F8,00,00,00,00
19400020,00000004,false,Rx,0,2,4E,FE,00,00,00,00,00,00
19405021,00000012,false,Rx,0,0,00,00,00,00,00,00,00,00
19420024,00000025,false,Rx,0,8,5D,43,F0,11,11,11,D1,FF
19460033,00000001,false,Rx,0,2,5E,01,00,00,00,00,00,00
19470035,00000010,false,Rx,0,6,5E,21,FE,C0,99,99,00,00
19490039,00000011,false,Rx,0,4,00,70,00,F8,00,00,00,00
19505042,00000012,false,Rx,0,0,00,00,00,00,00,00,00,00
19560054,00000001,false,Rx,0,2,5E,01,00,00,00,00,00,00
19570056,00000010,false,Rx,0,6,5E,21,FE,C0,99,99,00,00
19590061,00000011,false,Rx,0,4,00,6E,00,F8,00,00,00,00
19600063,00000004,false,Rx,0,2,50,FE,00,00,00,00,00,00
19605064,00000012,false,Rx,0,0,00,00,00,00,00,00,00,00
19620067,00000025,false,Rx,0,8,5D,43,F0,11,11,11,D1,FF
19660075,00000001,false,Rx,0,2,5E,01,00,00,00,00,00,00
19670077,00000010,false,Rx,0,6,5E,21,FE,C0,99,99,00,00
19690082,00000011,false,Rx,0,4,00,6E,00,F8,00,00,00,00
19705085,00000012,false,Rx,0,0,00,00,00,00,00,00,00,00
19760097,00000001,false,Rx,0,2,5E,01,00,00,00,00,00,00
19770099,00000010,false,Rx,0,6,5E,21,FE,C0,99,99,00,00
19790103,00000011,false,Rx,0,4,00,6E,00,F8,00,00,00,00
19800105,00000004,false,Rx,0,2,50,FE,00,00,00,00,00,00
19805106,00000012,false,Rx,0,0,00,00,00,00,00,00,00,00
19820109,00000025,false,Rx,0,8,5D,43,F0,11,11,11,D1,FF
19860118,00000001,false,Rx,0,2,5E,01,00,00,00,00,00,00
19870120,00000010,false,Rx,0,6,5E,21,FE,C0,99,99,00,00
19890124,00000011,false,Rx,0,4,00,6E,00,F8,00,00,00,00
19905127,00000012,false,Rx,0,0,00,00,00,00,00,00,00,00
19960139,00000001,false,Rx,0,2,5E,01,00,00,00,00,00,00
19970141,00000010,false,Rx,0,6,5E,21,FE,C0,99,99,00,00
19990145,00000011,false,Rx,0,4,00,6B,00,F8,00,00,00,00
20000148,00000004,false,Rx,0,2,4E,FE,00,00,00,00,00,00
20005149,00000012,false,Rx,0,0,00,00,00,00,00,00,00,00
20020152,00000025,false,Rx,0,8,5D,43,F0,11,11,11,D1,FF
20060160,00000001,false,Rx,0,2,5E,01,00,00,00,00,00,00
20070162,00000010,false,Rx,0,6,5E,21,FE,C0,99,99,00,00
20090167,00000011,false,Rx,0,4,00,6B,00,F8,00,00,00,00
20105170,00000012,false,Rx,0,0,00,00,00,00,00,00,00,00
20160182,00000001,false,Rx,0,2,5E,01,00,00,00,00,00,00
20170184,00000010,false,Rx,0,6,5E,21,FE,C0,99,99,00,00
20190188,00000011,false,Rx,0,4,00,6B,00,F8,00,00,00,00
20200190,00000004,false,Rx,0,2,4E,FE,00,00,00,00,00,00
20205191,00000012,false,Rx,0,0,00,00,00,00,00,00,00,00
20220194,00000025,false,Rx,0,8,5D,43,F0,11,11,11,D1,FF
20260203,00000001,false,Rx,0,2,5E,01,00,00,00,00,00,00
20270205,00000010,false,Rx,0,6,5E,21,FE,C0,99,99,00,00
20290209,00000011,false,Rx,0,4,00,6B,00,F8,00,00,00,00
20305212,00000012,false,Rx,0,0,00,00,00,00,00,00,00,00
20360224,00000001,false,Rx,0,2,5E,01,00,00,00,00,00,00
20370226,00000010,false,Rx,0,6,5E,21,FE,C0,99,99,00,00
20390230,00000011,false,Rx,0,4,00,6B,00,F8,00,00,00,00
20400232,00000004,false,Rx,0,2,4E,FE,00,00,00,00,00,00
20405234,00000012,false,Rx,0,0,00,00,00,00,00,00,00,00
20420237,00000025,false,Rx,0,8,5D,43,F0,11,11,11,D1,FF
20460245,00000001,false,Rx,0,2,5E,01,00,00,00,00,00,00
20470247,00000010,false,Rx,0,6,5E,21,FE,C0,99,99,00,00
20490252,00000011,false,Rx,0,4,00,6E,00,F8,00,00,00,00
20505255,00000012,false,Rx,0,0,00,00,00,00,00,00,00,00
20560266,00000001,false,Rx,0,2,5E,01,00,00,00,00,00,00
20570269,00000010,false,Rx,0,6,5E,21,FE,C0,99,99,00,00
20590273,00000011,false,Rx,0,4,00,70,00,F8,00,00,00,00
20600275,00000004,false,Rx,0,2,52,FE,00,00,00,00,00,00
20605276,00000012,false,Rx,0,0,00,00,00,00,00,00,00,00
20620279,00000025,false,Rx,0,8,5D,43,F0,11,11,11,D1,FF
20660288,00000001,false,Rx,0,2,5E,01,00,00,00,00,00,00
20670290,00000010,false,Rx,0,6,5E,21,FE,C0,99,99,00,00
20690294,00000011,false,Rx,0,4,00,73,00,F8,00,00,00,00
20705297,00000012,false,Rx,0,0,00,00,00,00,00,00,00,00
20760309,00000001,false,Rx,0,2,5E,01,00,00,00,00,00,00
20770311,00000010,false,Rx,0,6,5E,21,FE,C0,99,99,00,00
20790315,00000011,false,Rx,0,4,00,6E,00,F8,00,00,00,00
20800317,00000004,false,Rx,0,2,50,FE,00,00,00,00,00,00
20805318,00000012,false,Rx,0,0,00,00,00,00,00,00,00,00
20820322,00000025,false,Rx,0,8,5D,43,F0,11,11,11,D1,FF
20860330,00000001,false,Rx,0,2,5E,01,00,00,00,00,00,00
20870332,00000010,false,Rx,0,6,5E,21,FE,C0,99,99,00,00
20890336,00000011,false,Rx,0,4,00,69,00,F8,00,00,00,00
20905340,00000012,false,Rx,0,0,00,00,00,00,00,00,00,00
20960351,00000001,false,Rx,0,2,5E,01,00,00,00,00,00,00
20970353,00000010,false,Rx,0,6,5E,21,FE,C0,99,99,00,00
20990358,00000011,false,Rx,0,4,00,6B,00,F8,00,00,00,00
21000360,00000004,false,Rx,0,2,4E,FE,00,00,00,00,00,00
21005361,00000012,false,Rx,0,0,00,00,00,00,00,00,00,00
21020364,00000025,false,Rx,0,8,5D,5A,F0,11,11,11,D1,FF
21060373,00000001,false,Rx,0,2,5E,01,00,00,00,00,00,00
21070375,00000010,false,Rx,0,6,5E,21,FE,C0,99,99,00,00
21090379,00000011,false,Rx,0,4,00,6E,00,F8,00,00,00,00
21105382,00000012,false,Rx,0,0,00,00,00,00,00,00,00,00
21160394,00000001,false,Rx,0,2,5E,01,00,00,00,00,00,00
21170396,00000010,false,Rx,0,6,5E,21,FE,C0,99,99,00,00
21190400,00000011,false,Rx,0,4,00,6B,00,F8,00,00,00,00
21200406,00000004,false,Rx,0,2,4E,FE,00,00,00,00,00,00
21205403,00000012,false,Rx,0,0,00,00,00,00,00,00,00,00
21220407,00000025,false,Rx,0,8,5D,5C,F0,11,11,11,D1,FF
21260415,00000001,false,Rx,0,2,5E,01,00,00,00,00,00,00
21270417,00000010,false,Rx,0,6,5E,21,FE,C0,99,99,00,00
21290421,00000011,false,Rx,0,4,00,73,00,F8,00,00,00,00
21305425,00000012,false,Rx,0,0,00,00,00,00,00,00,00,00
21360436,00000001,false,Rx,0,2,5E,01,00,00,00,00,00,00
21370438,00000010,false,Rx,0,6,5E,21,FE,C0,99,99,00,00
21390443,00000011,false,Rx,0,4,00,70,00,F8,00,00,00,00
21400445,00000004,false,Rx,0,2,52,FE,00,00,00,00,00,00
21405446,00000012,false,Rx,0,0,00,00,00,00,00,00,00,00
21420449,00000025,false,Rx,0,8,5D,5C,F0,11,11,11,D1,FF
21460458,00000001,false,Rx,0,2,5E,01,00,00,00,00,00,00
21470460,00000010,false,Rx,0,6,5E,21,FE,C0,99,99,00,00
21490464,00000011,false,Rx,0,4,00,6E,00,F8,00,00,00,00
21505467,00000012,false,Rx,0,0,00,00,00,00,00,00,00,00
21560479,00000001,false,Rx,0,2,5E,01,00,00,00,00,00,00
21570481,00000010,false,Rx,0,6,5E,21,FE,C0,99,99,00,00
21590485,00000011,false,Rx,0,4,00,6B,00,F8,00,00,00,00
21600487,00000004,false,Rx,0,2,4E,FE,00,00,00,00,00,00
21605488,00000012,false,Rx,0,0,00,00,00,00,00,00,00,00
21620491,00000025,false,Rx,0,8,5D,5C,F0,11,11,11,D1,FF
21660500,00000001,false,Rx,0,2,5E,01,00,00,00,00,00,00
21670502,00000010,false,Rx,0,6,5E,21,FE,C0,99,99,00,00
21690506,00000011,false,Rx,0,4,00,6B,00,F8,00,00,00,00
21705510,00000012,false,Rx,0,0,00,00,00,00,00,00,00,00
21760521,00000001,false,Rx,0,2,5E,01,00,00,00,00,00,00
21770523,00000010,false,Rx,0,6,5E,21,FE,C0,99,99,00,00
21790528,00000011,false,Rx,0,4,00,6E,00,F8,00,00,00,00
21800530,00000004,false,Rx,0,2,50,FE,00,00,00,00,00,00
21805531,00000012,false,Rx,0,0,00,00,00,00,00,00,00,00
21820534,00000025,false,Rx,0,8,5D,57,F0,11,11,11,D1,FF
21860542,00000001,false,Rx,0,2,5E,01,00,00,00,00,00,00
21870545,00000010,false,Rx,0,6,5E,21,FE,C0,99,99,00,00
21890549,00000011,false,Rx,0,4,00,6E,00,F8,00,00,00,00
21905552,00000012,false,Rx,0,0,00,00,00,00,00,00,00,00
21960564,00000001,false,Rx,0,2,5E,01,00,00,00,00,00,00
21970566,00000010,false,Rx,0,6,5E,21,FE,C0,99,99,00,00
21990570,00000011,false,Rx,0,4,00,6E,00,F8,00,00,00,00
22000572,00000004,false,Rx,0,2,50,FE,00,00,00,00,00,00
22005573,00000012,false,Rx,0,0,00,00,00,00,00,00,00,00
22020576,00000025,false,Rx,0,8,5D,55,F0,11,11,11,D1,FF
22060585,00000001,false,Rx,0,2,5E,01,00,00,00,00,00,00
22070587,00000010,false,Rx,0,6,5E,21,FE,C0,99,99,00,00
22090591,00000011,false,Rx,0,4,00,6B,00,F8,00,00,00,00
22105594,00000012,false,Rx,0,0,00,00,00,00,00,00,00,00
22160606,00000001,false,Rx,0,2,5E,01,00,00,00,00,00,00
22170608,00000010,false,Rx,0,6,5E,21,FE,C0,99,99,00,00
22190613,00000011,false,Rx,0,4,00,6E,00,F8,00,00,00,00
22200615,00000004,false,Rx,0,2,50,FE,00,00,00,00,00,00
22205616,00000012,false,Rx,0,0,00,00,00,00,00,00,00,00
22220619,00000025,false,Rx,0,8,5D,55,F0,11,11,11,D1,FF
22260627,00000001,false,Rx,0,2,5E,01,00,00,00,00,00,00
22270629,00000010,false,Rx,0,6,5E,21,FE,C0,99,99,00,00
22290634,00000011,false,Rx,0,4,00,6B,00,F8,00,00,00,00
22305637,00000012,false,Rx,0,0,00,00,00,00,00,00,00,00
22360649,00000001,false,Rx,0,2,5E,01,00,00,00,00,00,00
22370651,00000010,false,Rx,0,6,5E,21,FE,C0,99,99,00,00
22390655,00000011,false,Rx,0,4,00,73,00,F8,00,00,00,00
22400657,00000004,false,Rx,0,2,53,FE,00,00,00,00,00,00
22405658,00000012,false,Rx,0,0,00,00,00,00,00,00,00,00
22420661,00000025,false,Rx,0,8,5D,55,F0,11,11,11,D1,FF
22460670,00000001,false,Rx,0,2,5E,01,00,00,00,00,00,00
22470672,00000010,false,Rx,0,6,5E,21,FE,C0,99,99,00,00
22490676,00000011,false,Rx,0,4,00,6B,00,F8,00,00,00,00
22505679,00000012,false,Rx,0,0,00,00,00,00,00,00,00,00
22560691,00000001,false,Rx,0,2,5E,01,00,00,00,00,00,00
22570693,00000010,false,Rx,0,6,5E,21,FE,C0,99,99,00,00
22590697,00000011,false,Rx,0,4,00,70,00,F8,00,00,00,00
22600700,00000004,false,Rx,0,2,52,FE,00,00,00,00,00,00
22605701,00000012,false,Rx,0,0,00,00,00,00,00,00,00,00
22620704,00000025,false,Rx,0,8,5D,43,F0,11,11,11,D1,FF
22660712,00000001,false,Rx,0,2,5E,01,00,00,00,00,00,00
22670714,00000010,false,Rx,0,6,5E,21,FE,C0,99,99,00,00
22690719,00000011,false,Rx,0,4,00,70,00,F8,00,00,00,00
22705722,00000012,false,Rx,0,0,00,00,00,00,00,00,00,00
22760734,00000001,false,Rx,0,2,5E,01,00,00,00,00,00,00
22770736,00000010,false,Rx,0,6,5E,21,FE,C0,99,99,00,00
22790740,00000011,false,Rx,0,4,00,70,00,F8,00,00,00,00
22800742,00000004,false,Rx,0,2,52,FE,00,00,00,00,00,00
22805743,00000012,false,Rx,0,0,00,00,00,00,00,00,00,00
22820746,00000025,false,Rx,0,8,5D,43,F0,11,11,11,D1,FF
22860755,00000001,false,Rx,0,2,5E,01,00,00,00,00,00,00
22870757,00000010,false,Rx,0,6,5E,21,FE,C0,99,99,00,00
22890761,00000011,false,Rx,0,4,00,6E,00,F8,00,00,00,00
22905764,00000012,false,Rx,0,0,00,00,00,00,00,00,00,00
22960776,00000001,false,Rx,0,2,5E,01,00,00,00,00,00,00
22970778,00000010,false,Rx,0,6,5E,21,FE,C0,99,99,00,00
22990782,00000011,false,Rx,0,4,00,70,00,F8,00,00,00,00
23000784,00000004,false,Rx,0,2,52,FE,00,00,00,00,00,00
23005786,00000012,false,Rx,0,0,00,00,00,00,00,00,00,00
23020789,00000025,false,Rx,0,8,5D,5F,F0,11,11,11,D1,FF
23060797,00000001,false,Rx,0,2,5E,01,00,00,00,00,00,00
23070799,00000010,false,Rx,0,6,5E,21,FE,C0,99,99,00,00
23090804,00000011,false,Rx,0,4,00,70,00,F8,00,00,00,00
23105807,00000012,false,Rx,0,0,00,00,00,00,00,00,00,00
23160818,00000001,false,Rx,0,2,5E,01,00,00,00,00,00,00
23170821,00000010,false,Rx,0,6,5E,21,FE,C0,99,99,00,00
23190825,00000011,false,Rx,0,4,00,73,00,F8,00,00,00,00
23200827,00000004,false,Rx,0,2,53,FE,00,00,00,00,00,00
23205828,00000012,false,Rx,0,0,00,00,00,00,00,00,00,00
23220831,00000025,false,Rx,0,8,5D,5C,F0,11,11,11,D1,FF
23260840,00000001,false,Rx,0,2,5E,01,00,00,00,00,00,00
23270842,00000010,false,Rx,0,6,5E,21,FE,C0,99,99,00,00
23290846,00000011,false,Rx,0,4,00,70,00,F8,00,00,00,00
23305849,00000012,false,Rx,0,0,00,00,00,00,00,00,00,00
23360861,00000001,false,Rx,0,2,5E,01,00,00,00,00,00,00
23370863,00000010,false,Rx,0,6,5E,21,FE,C0,99,99,00,00
23390867,00000011,false,Rx,0,4,00,73,00,F8,00,00,00,00
23400869,00000004,false,Rx,0,2,53,FE,00,00,00,00,00,00
23405870,00000012,false,Rx,0,0,00,00,00,00,00,00,00,00
23420874,00000025,false,Rx,0,8,5D,43,F0,11,11,11,D1,FF
23460882,00000001,false,Rx,0,2,5E,01,00,00,00,00,00,00
23470884,00000010,false,Rx,0,6,5E,21,FE,C0,99,99,00,00
23490888,00000011,false,Rx,0,4,00,6B,00,F8,00,00,00,00
23505892,00000012,false,Rx,0,0,00,00,00,00,00,00,00,00
23560903,00000001,false,Rx,0,2,5E,01,00,00,00,00,00,00
23570905,00000010,false,Rx,0,6,5E,21,FE,C0,99,99,00,00
23590910,00000011,false,Rx,0,4,00,6B,00,F8,00,00,00,00
23600912,00000004,false,Rx,0,2,4E,FE,00,00,00,00,00,00
23605913,00000012,false,Rx,0,0,00,00,00,00,00,00,00,00
23620916,00000025,false,Rx,0,8,5D,43,F0,11,11,11,D1,FF
23660925,00000001,false,Rx,0,2,5E,01,00,00,00,00,00,00
23670927,00000010,false,Rx,0,6,5E,21,FE,C0,99,99,00,00
23690931,00000011,false,Rx,0,4,00,6E,00,F8,00,00,00,00
23705934,00000012,false,Rx,0,0,00,00,00,00,00,00,00,00
23760946,00000001,false,Rx,0,2,5E,01,00,00,00,00,00,00
23770948,00000010,false,Rx,0,6,5E,21,FE,C0,99,99,00,00
23790952,00000011,false,Rx,0,4,00,6B,00,F8,00,00,00,00
23800954,00000004,false,Rx,0,2,4E,FE,00,00,00,00,00,00
23805955,00000012,false,Rx,0,0,00,00,00,00,00,00,00,00
23820959,00000025,false,Rx,0,8,5D,43,F0,11,11,11,D1,FF
23860967,00000001,false,Rx,0,2,5E,01,00,00,00,00,00,00
23870969,00000010,false,Rx,0,6,5E,21,FE,C0,99,99,00,00
23890973,00000011,false,Rx,0,4,00,73,00,F8,00,00,00,00
23905977,00000012,false,Rx,0,0,00,00,00,00,00,00,00,00
23960988,00000001,false,Rx,0,2,5E,01,00,00,00,00,00,00
23970990,00000010,false,Rx,0,6,5E,21,FE,C0,99,99,00,00
23990995,00000011,false,Rx,0,4,00,6B,00,F8,00,00,00,00
24000997,00000004,false,Rx,0,2,4E,FE,00,00,00,00,00,00
24005998,00000012,false,Rx,0,0,00,00,00,00,00,00,00,00
24021001,00000025,false,Rx,0,8,5D,43,F0,11,11,11,D1,FF
24061010,00000001,false,Rx,0,2,5E,01,00,00,00,00,00,00
24071012,00000010,false,Rx,0,6,5E,21,FE,C0,99,99,00,00
24091016,00000011,false,Rx,0,4,00,70,00,F8,00,00,00,00
24106019,00000012,false,Rx,0,0,00,00,00,00,00,00,00,00
24161031,00000001,false,Rx,0,2,5E,01,00,00,00,00,00,00
24171033,00000010,false,Rx,0,6,5E,21,FE,C0,99,99,00,00
24191037,00000011,false,Rx,0,4,00,73,00,F8,00,00,00,00
24201039,00000004,false,Rx,0,2,53,FE,00,00,00,00,00,00
24206040,00000012,false,Rx,0,0,00,00,00,00,00,00,00,00
24221043,00000025,false,Rx,0,8,5D,43,F0,11,11,11,D1,FF
24261052,00000001,false,Rx,0,2,5E,01,00,00,00,00,00,00
24271054,00000010,false,Rx,0,6,5E,21,FE,C0,99,99,00,00
24291058,00000011,false,Rx,0,4,00,73,00,F8,00,00,00,00
24306062,00000012,false,Rx,0,0,00,00,00,00,00,00,00,00
24361073,00000001,false,Rx,0,2,5E,01,00,00,00,00,00,00
24371075,00000010,false,Rx,0,6,5E,21,FE,C0,99,99,00,00
24391080,00000011,false,Rx,0,4,00,6E,00,F8,00,00,00,00
24401082,00000004,false,Rx,0,2,50,FE,00,00,00,00,00,00
24406083,00000012,false,Rx,0,0,00,00,00,00,00,00,00,00
24421086,00000025,false,Rx,0,8,5D,43,F0,11,11,11,D1,FF
24461094,00000001,false,Rx,0,2,5E,01,00,00,00,00,00,00
24471097,00000010,false,Rx,0,6,5E,21,FE,C0,99,99,00,00
24491101,00000011,false,Rx,0,4,00,73,00,F8,00,00,00,00
24506104,00000012,false,Rx,0,0,00,00,00,00,00,00,00,00
24561116,00000001,false,Rx,0,2,5E,01,00,00,00,00,00,00
24571118,00000010,false,Rx,0,6,5E,21,FE,C0,99,99,00,00
24591122,00000011,false,Rx,0,4,00,69,00,F8,00,00,00,00
24601124,00000004,false,Rx,0,2,4C,FE,00,00,00,00,00,00
24606125,00000012,false,Rx,0,0,00,00,00,00,00,00,00,00
24621128,00000025,false,Rx,0,8,5D,43,F0,11,11,11,D1,FF
24661137,00000001,false,Rx,0,2,5E,01,00,00,00,00,00,00
24671139,00000010,false,Rx,0,6,5E,21,FE,C0,99,99,00,00
24691143,00000011,false,Rx,0,4,00,6B,00,F8,00,00,00,00
24706146,00000012,false,Rx,0,0,00,00,00,00,00,00,00,00
24761158,00000001,false,Rx,0,2,5E,01,00,00,00,00,00,00
24771160,00000010,false,Rx,0,6,5E,21,FE,C0,99,99,00,00
24791164,00000011,false,Rx,0,4,00,6E,00,F8,00,00,00,00
24801167,00000004,false,Rx,0,2,50,FE,00,00,00,00,00,00
24806168,00000012,false,Rx,0,0,00,00,00,00,00,00,00,00
24821171,00000025,false,Rx,0,8,5D,43,F0,11,11,11,D1,FF
24861179,00000001,false,Rx,0,2,5E,01,00,00,00,00,00,00
24871181,00000010,false,Rx,0,6,5E,21,FE,C0,99,99,00,00
24891186,00000011,false,Rx,0,4,00,69,00,F8,00,00,00,00
24906189,00000012,false,Rx,0,0,00,00,00,00,00,00,00,00
24961201,00000001,false,Rx,0,2,5E,01,00,00,00,00,00,00
24971203,00000010,false,Rx,0,6,5E,21,FE,C0,99,99,00,00
24991207,00000011,false,Rx,0,4,00,6B,00,F8,00,00,00,00
25001209,00000004,false,Rx,0,2,4E,FE,00,00,00,00,00,00
25006210,00000012,false,Rx,0,0,00,00,00,00,00,00,00,00
25021213,00000025,false,Rx,0,8,5D,57,F0,11,11,11,D1,FF
25061222,00000001,false,Rx,0,2,5E,01,00,00,00,00,00,00
25071224,00000010,false,Rx,0,6,5E,21,FE,C0,99,99,00,00
25091228,00000011,false,Rx,0,4,00,6B,00,F8,00,00,00,00
25106231,00000012,false,Rx,0,0,00,00,00,00,00,00,00,00
25161243,00000001,false,Rx,0,2,5E,01,00,00,00,00,00,00
25171245,00000010,false,Rx,0,6,5E,21,FE,C0,99,99,00,00
25191249,00000011,false,Rx,0,4,00,6B,00,F8,00,00,00,00
25201252,00000004,false,Rx,0,2,4E,FE,00,00,00,00,00,00
25206253,00000012,false,Rx,0,0,00,00,00,00,00,00,00,00
25221256,00000025,false,Rx,0,8,5D,5A,F0,11,11,11,D1,FF
25261264,00000001,false,Rx,0,2,5E,01,00,00,00,00,00,00
25271266,00000010,false,Rx,0,6,5E,21,FE,C0,99,99,00,00
25291271,00000011,false,Rx,0,4,00,70,00,F8,00,00,00,00
25306274,00000012,false,Rx,0,0,00,00,00,00,00,00,00,00
25361286,00000001,false,Rx,0,2,5E,01,00,00,00,00,00,00
25371288,00000010,false,Rx,0,6,5E,21,FE,C0,99,99,00,00
25391292,00000011,false,Rx,0,4,00,70,00,F8,00,00,00,00
25401294,00000004,false,Rx,0,2,52,FE,00,00,00,00,00,00
25406347,00000012,false,Rx,0,0,00,00,00,00,00,00,00,00
25421298,00000025,false,Rx,0,8,5D,5C,F0,11,11,11,D1,FF
25461307,00000001,false,Rx,0,2,5E,01,00,00,00,00,00,00
25471309,00000010,false,Rx,0,6,5E,21,FE,C0,99,99,00,00
25491313,00000011,false,Rx,0,4,00,6E,00,F8,00,00,00,00
25506420,00000012,false,Rx,0,0,00,00,00,00,00,00,00,00
25561328,00000001,false,Rx,0,2,5E,01,00,00,00,00,00,00
25571330,00000010,false,Rx,0,6,5E,21,FE,C0,99,99,00,00
25591334,00000011,false,Rx,0,4,00,6B,00,F8,00,00,00,00
25601336,00000004,false,Rx,0,2,4E,FE,00,00,00,00,00,00
25606338,00000012,false,Rx,0,0,00,00,00,00,00,00,00,00
25621341,00000025,false,Rx,0,8,5D,5C,F0,11,11,11,D1,FF
25661349,00000001,false,Rx,0,2,5E,01,00,00,00,00,00,00
25671351,00000010,false,Rx,0,6,5E,21,FE,C0,99,99,00,00
25691356,00000011,false,Rx,0,4,00,75,00,F8,00,00,00,00
25706359,00000012,false,Rx,0,0,00,00,00,00,00,00,00,00
25761370,00000001,false,Rx,0,2,5E,01,00,00,00,00,00,00
25771373,00000010,false,Rx,0,6,5E,21,FE,C0,99,99,00,00
25791377,00000011,false,Rx,0,4,00,70,00,F8,00,00,00,00
25801379,00000004,false,Rx,0,2,52,FE,00,00,00,00,00,00
25806380,00000012,false,Rx,0,0,00,00,00,00,00,00,00,00
25821383,00000025,false,Rx,0,8,5D,5A,F0,11,11,11,D1,FF
25861392,00000001,false,Rx,0,2,5E,01,00,00,00,00,00,00
25871394,00000010,false,Rx,0,6,5E,21,FE,C0,99,99,00,00
25891398,00000011,false,Rx,0,4,00,6B,00,F8,00,00,00,00
25906401,00000012,false,Rx,0,0,00,00,00,00,00,00,00,00
25961413,00000001,false,Rx,0,2,5E,01,00,00,00,00,00,00
25971415,00000010,false,Rx,0,6,5E,21,FE,C0,99,99,00,00
25991419,00000011,false,Rx,0,4,00,6E,00,F8,00,00,00,00
26001421,00000004,false,Rx,0,2,50,FE,00,00,00,00,00,00
26006422,00000012,false,Rx,0,0,00,00,00,00,00,00,00,00
26021426,00000025,false,Rx,0,8,5D,55,F0,11,11,11,D1,FF
26061434,00000001,false,Rx,0,2,5E,01,00,00,00,00,00,00
26071436,00000010,false,Rx,0,6,5E,21,FE,C0,99,99,00,00
26091441,00000011,false,Rx,0,4,00,75,00,F8,00,00,00,00
26106444,00000012,false,Rx,0,0,00,00,00,00,00,00,00,00
26161455,00000001,false,Rx,0,2,5E,01,00,00,00,00,00,00
26171457,00000010,false,Rx,0,6,5E,21,FE,C0,99,99,00,00
26191462,00000011,false,Rx,0,4,00,73,00,F8,00,00,00,00
26201464,00000004,false,Rx,0,2,53,FE,00,00,00,00,00,00
26206465,00000012,false,Rx,0,0,00,00,00,00,00,00,00,00
26221468,00000025,false,Rx,0,8,5D,55,F0,11,11,11,D1,FF
26261477,00000001,false,Rx,0,2,5E,01,00,00,00,00,00,00
26271479,00000010,false,Rx,0,6,5E,21,FE,C0,99,99,00,00
26291483,00000011,false,Rx,0,4,00,6E,00,F8,00,00,00,00
26306486,00000012,false,Rx,0,0,00,00,00,00,00,00,00,00
26361498,00000001,false,Rx,0,2,5E,01,00,00,00,00,00,00
26371500,00000010,false,Rx,0,6,5E,21,FE,C0,99,99,00,00
26391504,00000011,false,Rx,0,4,00,6B,00,F8,00,00,00,00
26401506,00000004,false,Rx,0,2,4E,FE,00,00,00,00,00,00
26406507,00000012,false,Rx,0,0,00,00,00,00,00,00,00,00
26421511,00000025,false,Rx,0,8,5D,43,F0,11,11,11,D1,FF
26461519,00000001,false,Rx,0,2,5E,01,00,00,00,00,00,00
26471521,00000010,false,Rx,0,6,5E,21,FE,C0,99,99,00,00
26491525,00000011,false,Rx,0,4,00,70,00,F8,00,00,00,00
26506529,00000012,false,Rx,0,0,00,00,00,00,00,00,00,00
26561540,00000001,false,Rx,0,2,5E,01,00,00,00,00,00,00
26571542,00000010,false,Rx,0,6,5E,21,FE,C0,99,99,00,00
26591547,00000011,false,Rx,0,4,00,70,00,F8,00,00,00,00
26601601,00000004,false,Rx,0,2,52,FE,00,00,00,00,00,00
26606550,00000012,false,Rx,0,0,00,00,00,00,00,00,00,00
26621553,00000025,false,Rx,0,8,5D,43,F0,11,11,11,D1,FF
26661562,00000001,false,Rx,0,2,5E,01,00,00,00,00,00,00
26671564,00000010,false,Rx,0,6,5E,21,FE,C0,99,99,00,00
26691568,00000011,false,Rx,0,4,00,73,00,F8,00,00,00,00
26706571,00000012,false,Rx,0,0,00,00,00,00,00,00,00,00
26761583,00000001,false,Rx,0,2,5E,01,00,00,00,00,00,00
26771585,00000010,false,Rx,0,6,5E,21,FE,C0,99,99,00,00
26791589,00000011,false,Rx,0,4,00,6B,00,F8,00,00,00,00
26801643,00000004,false,Rx,0,2,4E,FE,00,00,00,00,00,00
26806592,00000012,false,Rx,0,0,00,00,00,00,00,00,00,00
26821596,00000025,false,Rx,0,8,5D,43,F0,11,11,11,D1,FF
26861604,00000001,false,Rx,0,2,5E,01,00,00,00,00,00,00
26871606,00000010,false,Rx,0,6,5E,21,FE,C0,99,99,00,00
26891610,00000011,false,Rx,0,4,00,6B,00,F8,00,00,00,00
26906614,00000012,false,Rx,0,0,00,00,00,00,00,00,00,00
26961625,00000001,false,Rx,0,2,5E,01,00,00,00,00,00,00
26971627,00000010,false,Rx,0,6,5E,21,FE,C0,99,99,00,00
26991632,00000011,false,Rx,0,4,00,6B,00,F8,00,00,00,00
27001686,00000004,false,Rx,0,2,4E,FE,00,00,00,00,00,00
27006635,00000012,false,Rx,0,0,00,00,00,00,00,00,00,00
27021638,00000025,false,Rx,0,8,5D,5C,F0,11,11,11,D1,FF
27061646,00000001,false,Rx,0,2,5E,01,00,00,00,00,00,00
27071649,00000010,false,Rx,0,6,5E,21,FE,C0,99,99,00,00
27091653,00000011,false,Rx,0,4,00,69,00,F8,00,00,00,00
27106656,00000012,false,Rx,0,0,00,00,00,00,00,00,00,00
27161668,00000001,false,Rx,0,2,5E,01,00,00,00,00,00,00
27171670,00000010,false,Rx,0,6,5E,21,FE,C0,99,99,00,00
27191674,00000011,false,Rx,0,4,00,6B,00,F8,00,00,00,00
27201728,00000004,false,Rx,0,2,4E,FE,00,00,00,00,00,00
27206677,00000012,false,Rx,0,0,00,00,00,00,00,00,00,00
27221680,00000025,false,Rx,0,8,5D,5F,F0,11,11,11,D1,FF
27261689,00000001,false,Rx,0,2,5E,01,00,00,00,00,00,00
27271691,00000010,false,Rx,0,6,5E,21,FE,C0,99,99,00,00
27291695,00000011,false,Rx,0,4,00,69,00,F8,00,00,00,00
27306698,00000012,false,Rx,0,0,00,00,00,00,00,00,00,00
27361710,00000001,false,Rx,0,2,5E,01,00,00,00,00,00,00
27371712,00000010,false,Rx,0,6,5E,21,FE,C0,99,99,00,00
27391717,00000011,false,Rx,0,4,00,6B,00,F8,00,00,00,00
27401771,00000004,false,Rx,0,2,4E,FE,00,00,00,00,00,00
27406720,00000012,false,Rx,0,0,00,00,00,00,00,00,00,00
27421723,00000025,false,Rx,0,8,5D,5C,F0,11,11,11,D1,FF
27461731,00000001,false,Rx,0,2,5E,01,00,00,00,00,00,00
27471733,00000010,false,Rx,0,6,5E,21,FE,C0,99,99,00,00
27491738,00000011,false,Rx,0,4,00,69,00,F8,00,00,00,00
27506741,00000012,false,Rx,0,0,00,00,00,00,00,00,00,00
27561753,00000001,false,Rx,0,2,5E,01,00,00,00,00,00,00
27571755,00000010,false,Rx,0,6,5E,21,FE,C0,99,99,00,00
27591759,00000011,false,Rx,0,4,00,66,00,F8,00,00,00,00
27601813,00000004,false,Rx,0,2,4B,FE,00,00,00,00,00,00
27606762,00000012,false,Rx,0,0,00,00,00,00,00,00,00,00
27621765,00000025,false,Rx,0,8,5D,57,F0,11,11,11,D1,FF
27661774,00000001,false,Rx,0,2,5E,01,00,00,00,00,00,00
27671776,00000010,false,Rx,0,6,5E,21,FE,C0,99,99,00,00
27691780,00000011,false,Rx,0,4,00,6B,00,F8,00,00,00,00
27706783,00000012,false,Rx,0,0,00,00,00,00,00,00,00,00
27761795,00000001,false,Rx,0,2,5E,01,00,00,00,00,00,00
27771797,00000010,false,Rx,0,6,5E,21,FE,C0,99,99,00,00
27791801,00000011,false,Rx,0,4,00,73,00,F8,00,00,00,00
27801856,00000004,false,Rx,0,2,53,FE,00,00,00,00,00,00
27806805,00000012,false,Rx,0,0,00,00,00,00,00,00,00,00
27821808,00000025,false,Rx,0,8,5D,55,F0,11,11,11,D1,FF
27861816,00000001,false,Rx,0,2,5E,01,00,00,00,00,00,00
27871818,00000010,false,Rx,0,6,5E,21,FE,C0,99,99,00,00
27891823,00000011,false,Rx,0,4,00,73,00,F8,00,00,00,00
27906826,00000012,false,Rx,0,0,00,00,00,00,00,00,00,00
27961838,00000001,false,Rx,0,2,5E,01,00,00,00,00,00,00
27971840,00000010,false,Rx,0,6,5E,21,FE,C0,99,99,00,00
27991844,00000011,false,Rx,0,4,00,70,00,F8,00,00,00,00
28001898,00000004,false,Rx,0,2,52,FE,00,00,00,00,00,00
28006847,00000012,false,Rx,0,0,00,00,00,00,00,00,00,00
28021850,00000025,false,Rx,0,8,5D,43,F0,11,11,11,D1,FF
28061859,00000001,false,Rx,0,2,5E,01,00,00,00,00,00,00
28071861,00000010,false,Rx,0,6,5E,21,FE,C0,99,99,00,00
28091865,00000011,false,Rx,0,4,00,73,00,F8,00,00,00,00
28106868,00000012,false,Rx,0,0,00,00,00,00,00,00,00,00
28161880,00000001,false,Rx,0,2,5E,01,00,00,00,00,00,00
28171882,00000010,false,Rx,0,6,5E,21,FE,C0,99,99,00,00
28191886,00000011,false,Rx,0,4,00,73,00,F8,00,00,00,00
28201941,00000004,false,Rx,0,2,53,FE,00,00,00,00,00,00
28206890,00000012,false,Rx,0,0,00,00,00,00,00,00,00,00
28221893,00000025,false,Rx,0,8,5D,43,F0,11,11,11,D1,FF
28261901,00000001,false,Rx,0,2,5E,01,00,00,00,00,00,00
28271903,00000010,false,Rx,0,6,5E,21,FE,C0,99,99,00,00
28291908,00000011,false,Rx,0,4,00,70,00,F8,00,00,00,00
28306911,00000012,false,Rx,0,0,00,00,00,00,00,00,00,00
28361922,00000001,false,Rx,0,2,5E,01,00,00,00,00,00,00
28371925,00000010,false,Rx,0,6,5E,21,FE,C0,99,99,00,00
28391929,00000011,false,Rx,0,4,00,73,00,F8,00,00,00,00
28401983,00000004,false,Rx,0,2,53,FE,00,00,00,00,00,00
28406932,00000012,false,Rx,0,0,00,00,00,00,00,00,00,00
28421935,00000025,false,Rx,0,8,5D,43,F0,11,11,11,D1,FF
28461944,00000001,false,Rx,0,2,5E,01,00,00,00,00,00,00
28471946,00000010,false,Rx,0,6,5E,21,FE,C0,99,99,00,00
28491950,00000011,false,Rx,0,4,00,70,00,F8,00,00,00,00
28506953,00000012,false,Rx,0,0,00,00,00,00,00,00,00,00
28561965,00000001,false,Rx,0,2,5E,01,00,00,00,00,00,00
28571967,00000010,false,Rx,0,6,5E,21,FE,C0,99,99,00,00
28591971,00000011,false,Rx,0,4,00,70,00,F8,00,00,00,00
28602026,00000004,false,Rx,0,2,52,FE,00,00,00,00,00,00
28606974,00000012,false,Rx,0,0,00,00,00,00,00,00,00,00
28621978,00000025,false,Rx,0,8,5D,43,F0,11,11,11,D1,FF
28661986,00000001,false,Rx,0,2,5E,01,00,00,00,00,00,00
28671988,00000010,false,Rx,0,6,5E,21,FE,C0,99,99,00,00
28691993,00000011,false,Rx,0,4,00,6B,00,F8,00,00,00,00
28706996,00000012,false,Rx,0,0,00,00,00,00,00,00,00,00
28762007,00000001,false,Rx,0,2,5E,01,00,00,00,00,00,00
28772010,00000010,false,Rx,0,6,5E,21,FE,C0,99,99,00,00
28792066,00000011,false,Rx,0,4,00,70,00,F8,00,00,00,00
28802068,00000004,false,Rx,0,2,52,FE,00,00,00,00,00,00
28807017,00000012,false,Rx,0,0,00,00,00,00,00,00,00,00
28822020,00000025,false,Rx,0,8,5D,43,F0,11,11,11,D1,FF
28862029,00000001,false,Rx,0,2,5E,01,00,00,00,00,00,00
28872031,00000010,false,Rx,0,6,5E,21,FE,C0,99,99,00,00
28892087,00000011,false,Rx,0,4,00,6E,00,F8,00,00,00,00
28907038,00000012,false,Rx,0,0,00,00,00,00,00,00,00,00
28962102,00000001,false,Rx,0,2,5E,01,00,00,00,00,00,00
28972052,00000010,false,Rx,0,6,5E,21,FE,C0,99,99,00,00
28992108,00000011,false,Rx,0,4,00,6E,00,F8,00,00,00,00
29002110,00000004,false,Rx,0,2,50,FE,00,00,00,00,00,00
29007059,00000012,false,Rx,0,0,00,00,00,00,00,00,00,00
29022063,00000025,false,Rx,0,8,5D,5A,F0,11,11,11,D1,FF
29062123,00000001,false,Rx,0,2,5E,01,00,00,00,00,00,00
29072073,00000010,false,Rx,0,6,5E,21,FE,C0,99,99,00,00
29092130,00000011,false,Rx,0,4,00,70,00,F8,00,00,00,00
29107081,00000012,false,Rx,0,0,00,00,00,00,00,00,00,00
29162144,00000001,false,Rx,0,2,5E,01,00,00,00,00,00,00
29172094,00000010,false,Rx,0,6,5E,21,FE,C0,99,99,00,00
29192151,00000011,false,Rx,0,4,00,73,00,F8,00,00,00,00
29202153,00000004,false,Rx,0,2,53,FE,00,00,00,00,00,00
29207102,00000012,false,Rx,0,0,00,00,00,00,00,00,00,00
29222105,00000025,false,Rx,0,8,5D,5C,F0,11,11,11,D1,FF
29262166,00000001,false,Rx,0,2,5E,01,00,00,00,00,00,00
29272116,00000010,false,Rx,0,6,5E,21,FE,C0,99,99,00,00
29292172,00000011,false,Rx,0,4,00,73,00,F8,00,00,00,00
29307123,00000012,false,Rx,0,0,00,00,00,00,00,00,00,00
29362187,00000001,false,Rx,0,2,5E,01,00,00,00,00,00,00
29372137,00000010,false,Rx,0,6,5E,21,FE,C0,99,99,00,00
29392193,00000011,false,Rx,0,4,00,6B,00,F8,00,00,00,00
29402195,00000004,false,Rx,0,2,4E,FE,00,00,00,00,00,00
29407144,00000012,false,Rx,0,0,00,00,00,00,00,00,00,00
29422147,00000025,false,Rx,0,8,5D,43,F0,11,11,11,D1,FF
29462208,00000001,false,Rx,0,2,5E,01,00,00,00,00,00,00
29472158,00000010,false,Rx,0,6,5E,21,FE,C0,99,99,00,00
29492214,00000011,false,Rx,0,4,00,6B,00,F8,00,00,00,00
29507166,00000012,false,Rx,0,0,00,00,00,00,00,00,00,00
29562229,00000001,false,Rx,0,2,5E,01,00,00,00,00,00,00
29572179,00000010,false,Rx,0,6,5E,21,FE,C0,99,99,00,00
29592236,00000011,false,Rx,0,4,00,6E,00,F8,00,00,00,00
29602238,00000004,false,Rx,0,2,50,FE,00,00,00,00,00,00
29607187,00000012,false,Rx,0,0,00,00,00,00,00,00,00,00
29622190,00000025,false,Rx,0,8,5D,43,F0,11,11,11,D1,FF
29662251,00000001,false,Rx,0,2,5E,01,00,00,00,00,00,00
29672201,00000010,false,Rx,0,6,5E,21,FE,C0,99,99,00,00
29692257,00000011,false,Rx,0,4,00,70,00,F8,00,00,00,00
29707208,00000012,false,Rx,0,0,00,00,00,00,00,00,00,00
29762272,00000001,false,Rx,0,2,5E,01,00,00,00,00,00,00
29772222,00000010,false,Rx,0,6,5E,21,FE,C0,99,99,00,00
29792278,00000011,false,Rx,0,4,00,70,00,F8,00,00,00,00
29802280,00000004,false,Rx,0,2,52,FE,00,00,00,00,00,00
29807229,00000012,false,Rx,0,0,00,00,00,00,00,00,00,00
29822232,00000025,false,Rx,0,8,5D,43,F0,11,11,11,D1,FF
29862293,00000001,false,Rx,0,2,5E,01,00,00,00,00,00,00
29872243,00000010,false,Rx,0,6,5E,21,FE,C0,99,99,00,00
29892299,00000011,false,Rx,0,4,00,6B,00,F8,00,00,00,00
29907250,00000012,false,Rx,0,0,00,00,00,00,00,00,00,00
29962314,00000001,false,Rx,0,2,5E,01,00,00,00,00,00,00
29972264,00000010,false,Rx,0,6,5E,21,FE,C0,99,99,00,00
29992321,00000011,false,Rx,0,4,00,6E,00,F8,00,00,00,00
30002323,00000004,false,Rx,0,2,50,FE,00,00,00,00,00,00
30007272,00000012,false,Rx,0,0,00,00,00,00,00,00,00,00
30022275,00000025,false,Rx,0,8,5D,43,F0,11,11,11,D1,FF
30062335,00000001,false,Rx,0,2,5E,01,00,00,00,00,00,00
30072286,00000010,false,Rx,0,6,5E,21,FE,C0,99,99,00,00
30092342,00000011,false,Rx,0,4,00,6B,00,F8,00,00,00,00
30107293,00000012,false,Rx,0,0,00,00,00,00,00,00,00,00
30162357,00000001,false,Rx,0,2,5E,01,00,00,00,00,00,00
30172307,00000010,false,Rx,0,6,5E,21,FE,C0,99,99,00,00
30192363,00000011,false,Rx,0,4,00,6E,00,F8,00,00,00,00
30202365,00000004,false,Rx,0,2,50,FE,00,00,00,00,00,00
30207314,00000012,false,Rx,0,0,00,00,00,00,00,00,00,00
30222317,00000025,false,Rx,0,8,5D,43,F0,11,11,11,D1,FF
30262378,00000001,false,Rx,0,2,5E,01,00,00,00,00,00,00
30272328,00000010,false,Rx,0,6,5E,21,FE,C0,99,99,00,00
30292384,00000011,false,Rx,0,4,00,70,00,F8,00,00,00,00
30307335,00000012,false,Rx,0,0,00,00,00,00,00,00,00,00
30362399,00000001,false,Rx,0,2,5E,01,00,00,00,00,00,00
30372349,00000010,false,Rx,0,6,5E,21,FE,C0,99,99,00,00
30392406,00000011,false,Rx,0,4,00,70,00,F8,00,00,00,00
30402408,00000004,false,Rx,0,2,52,FE,00,00,00,00,00,00
30407357,00000012,false,Rx,0,0,00,00,00,00,00,00,00,00
30422412,00000025,false,Rx,0,8,5D,43,F0,11,11,11,D1,FF
30462420,00000001,false,Rx,0,2,5E,01,00,00,00,00,00,00
30472423,00000010,false,Rx,0,6,5E,21,FE,C0,99,99,00,00
30492427,00000011,false,Rx,0,4,00,6B,00,F8,00,00,00,00
